RK,TEAM,CONF,G,REC,ADJOE,ADJDE,BARTHAG,EFG%,EFGD%,TOR,TORD,ORB,DRB,FTR,FTRD,2P%,2P%D,3P%,3P%D,3PR,3PRD,ADJ T.,WAB
1,Michigan,B10,29,27-2,"129.3
4","91.4
1",".9819
1","58.7
7","44.0
2","16.6
159","16.3
201","36.3
24","28.2
72","38.3
98","26.4
15","62.2
2","43.8
3","36.0
62","29.6
11","42.6
124","42.2
270","71.8
16","+11.3
1"
2,"Duke
   (H) 13 Virginia",ACC,28,26-2,"127.1
7","91.4
2",".9778
2","57.5
13","46.0
13","15.8
114","18.8
68","37.0
18","24.8
9","38.7
87","23.0
2","61.5
3","46.1
17","34.9
122","30.6
29","43.9
92","45.0
332","66.3
247","+10.2
2"
3,"Arizona
   (H) 11 Kansas",B12,28,26-2,"125.7
10","92.0
3",".9732
3","55.1
42","45.1
7","15.1
67","17.2
152","38.6
6","26.1
21","41.9
40","29.2
47","55.7
51","44.0
4","35.7
77","31.4
47","26.8
362","37.1
104","70.5
33","+9.8
3"
4,"Florida
   (H) 20 Arkansas",SEC,28,22-6,"125.4
13","92.0
4",".9722
4","53.5
81","45.9
11","16.5
154","15.6
254","42.4
2","24.6
6","38.5
92","34.0
147","58.4
20","44.8
5","30.4
334","32.1
72","38.5
200","33.7
25","70.3
39","+6.5
11"
5,"Houston
   (H) 80 Colorado",B12,28,23-5,"126.0
9","92.9
5",".9709
5","51.4
176","46.6
18","12.8
3","21.3
11","36.4
20","30.9
195","26.1
357","40.0
293","52.2
162","46.0
15","33.6
201","31.6
51","41.9
134","41.7
259","63.2
353","+6.7
7"
6,Illinois,B10,29,22-7,"133.3
1","98.7
27",".9694
6","55.4
36","47.7
33","13.6
13","11.7
365","39.3
3","26.9
35","33.4
230","19.7
1","57.6
28","47.1
28","35.5
93","32.4
86","51.2
10","41.0
237","65.5
284","+6.3
12"
7,Purdue,B10,28,22-6,"131.1
2","98.9
28",".9625
7","57.9
11","51.2
171","13.7
16","16.3
201","35.5
38","26.0
20","28.9
332","25.8
11","58.2
21","52.5
218","38.4
12","33.1
132","40.5
157","45.3
337","65.3
292","+6.8
6"
8,"Connecticut
   (H) 65 Seton Hall",BE,29,26-3,"124.4
18","94.1
7",".9610
8","56.2
25","44.9
5","16.0
127","18.0
101","34.4
61","28.8
96","30.4
305","40.6
302","57.3
34","44.9
7","36.3
49","30.0
17","39.9
172","35.6
60","65.1
306","+8.7
4"
9,"Iowa St.
   (H) 10 Texas Tech",B12,28,24-4,"124.3
19","94.2
8",".9603
9","57.6
12","48.8
63","15.3
76","22.0
7","35.6
33","28.2
72","35.1
183","27.1
20","56.9
40","49.7
90","39.2
6","31.8
59","38.1
212","42.6
284","67.3
190","+6.6
10"
10,"Texas Tech
   (A) 9 Iowa St.",B12,28,21-7,"126.7
8","98.4
23",".9483
10","56.1
26","49.1
72","15.4
83","15.0
292","34.0
71","28.8
96","28.4
337","31.7
95","53.6
103","50.3
115","39.2
6","31.3
42","46.9
32","35.0
48","67.0
213","+5.3
16"
11,"Kansas
   (A) 3 Arizona",B12,28,21-7,"121.2
35","94.4
9",".9467
11","53.3
87","44.9
5","15.5
92","13.7
343","28.6
246","30.1
156","33.1
235","25.5
10","53.2
119","45.0
9","35.6
84","29.8
16","35.8
254","43.1
292","67.3
192","+6.2
14"
12,"Vanderbilt
   (A) 40 Kentucky",SEC,28,22-6,"125.4
12","97.9
21",".9453
12","56.0
28","47.7
33","13.3
9","18.0
101","31.2
157","29.7
140","38.2
100","41.2
315","57.7
24","48.8
62","35.9
68","30.6
29","44.5
75","38.7
152","69.4
78","+5.0
17"
13,"Virginia
   (A) 2 Duke",ACC,28,25-3,"122.6
28","95.8
15",".9444
13","55.1
42","44.8
4","15.9
122","16.0
233","39.1
4","28.8
96","34.2
212","33.8
143","55.7
51","44.8
5","36.3
49","30.0
17","46.1
42","36.7
90","65.8
268","+6.2
13"
14,"Gonzaga
   (A) 24 Saint Mary's",WCC,30,28-2,"121.0
39","94.6
11",".9442
14","56.6
20","46.4
15","13.5
12","21.0
15","35.5
38","24.7
8","31.2
278","32.4
114","59.0
16","47.1
28","34.1
168","30.4
25","30.7
345","43.2
295","69.5
76","+6.6
9"
15,Michigan St.,B10,28,23-5,"120.7
40","94.5
10",".9439
15","53.3
87","47.4
29","17.3
214","15.1
281","38.6
6","22.4
1","35.7
168","30.4
66","53.7
95","47.3
35","35.0
115","31.6
51","36.8
231","46.2
346","65.7
271","+6.8
5"
16,"Nebraska
   (A) 58 USC",B10,28,24-4,"118.8
54","93.1
6",".9429
16","56.1
26","47.0
23","13.9
19","19.2
49","25.4
336","27.5
51","26.7
352","24.8
6","58.8
17","49.3
76","35.7
77","29.7
14","51.4
8","49.3
361","67.0
207","+6.7
8"
17,"Tennessee
   (H) 19 Alabama",SEC,28,20-8,"121.9
33","95.8
16",".9407
17","52.5
128","47.5
31","18.1
264","16.3
201","45.1
1","27.4
47","40.3
57","35.5
192","52.8
133","49.3
76","34.7
131","30.2
19","32.7
321","44.7
329","65.8
270","+4.2
21"
18,"Louisville
   (A) 33 Clemson",ACC,28,20-8,"125.1
16","98.4
22",".9405
18","56.6
20","48.0
43","16.6
159","17.0
161","33.7
76","26.8
33","34.4
205","32.6
117","59.5
10","47.6
42","36.1
56","32.4
86","53.3
3","39.6
183","70.4
38","+3.3
26"
19,"Alabama
   (A) 17 Tennessee",SEC,28,21-7,"129.9
3","102.7
57",".9370
19","55.8
32","48.7
59","13.2
8","12.3
363","31.9
133","32.1
259","37.5
121","34.2
151","57.7
24","48.2
48","36.1
56","33.0
124","54.2
1","35.3
54","73.5
3","+6.0
15"
20,"Arkansas
   (A) 4 Florida",SEC,28,21-7,"128.6
5","102.4
53",".9325
20","56.9
17","51.0
155","12.2
1","16.3
201","32.6
108","31.5
221","36.3
153","30.9
76","57.3
34","53.8
269","37.5
26","31.2
40","34.4
284","40.0
195","70.8
29","+4.9
18"
21,"St. John's
   (H) 29 Villanova",BE,28,22-6,"118.9
53","96.1
17",".9201
21","50.8
201","47.9
40","14.9
53","19.4
38","36.4
20","30.6
179","43.2
17","31.7
95","50.8
220","47.5
41","33.8
187","32.4
86","33.8
301","34.5
39","69.8
63","+4.5
20"
22,"Iowa
   (A) 132 Penn St.",B10,28,20-8,"122.8
27","100.1
32",".9136
22","56.9
17","51.3
177","15.0
63","20.9
16","30.8
177","28.3
76","35.8
166","38.2
269","59.2
14","52.9
229","35.7
77","32.6
97","40.7
154","38.9
158","63.1
355","+2.9
29"
23,"North Carolina
   (H) 52 Virginia Tech",ACC,28,22-6,"122.4
30","100.5
37",".9062
23","54.5
56","47.5
31","13.6
13","13.8
342","31.9
133","28.5
83","38.5
92","24.0
4","57.3
34","45.4
13","33.7
191","34.0
182","41.9
134","36.8
92","67.8
165","+4.6
19"
24,"Saint Mary's
   (H) 14 Gonzaga",WCC,30,26-4,"119.7
46","98.5
24",".9041
24","53.3
87","46.4
15","16.7
171","15.4
263","37.8
12","23.8
3","36.6
148","26.0
12","51.0
213","46.5
21","38.3
13","30.8
34","35.5
261","36.9
96","65.6
282","+3.8
24"
25,"N.C. State
   (A) 102 Notre Dame",ACC,28,19-9,"122.6
29","101.3
42",".8997
25","55.7
33","51.5
190","13.4
11","18.9
62","28.1
264","29.4
125","34.0
217","36.7
226","53.5
109","51.6
176","39.0
9","34.2
192","44.0
87","45.3
337","69.3
85","+1.7
37"
26,"Saint Louis
   (H) 120 Duquesne",A10,28,25-3,"120.7
41","99.8
31",".8984
26","60.1
2","43.3
1","17.4
222","16.3
201","32.2
122","26.1
21","34.4
205","38.2
269","59.2
14","43.4
2","40.8
2","28.7
4","44.7
67","41.0
237","71.9
15","+2.6
31"
27,"Wisconsin
   (A) 45 Washington",B10,28,19-9,"124.7
17","103.2
66",".8978
27","53.8
73","51.5
190","13.3
9","14.7
313","29.9
205","26.6
29","34.0
217","32.2
107","55.2
58","52.1
196","35.1
110","33.7
158","51.3
9","40.2
207","69.3
86","+2.4
32"
28,"Utah St.
   (H) 54 Grand Canyon",MWC,28,23-5,"124.2
20","102.9
62",".8976
28","57.5
13","48.8
63","15.8
114","20.7
18","34.7
56","32.6
283","38.0
103","39.9
290","60.0
8","47.8
46","35.9
68","33.5
147","40.8
151","40.7
224","67.9
160","+3.0
28"
29,"Villanova
   (A) 21 St. John's",BE,28,22-6,"121.1
37","100.5
34",".8961
29","54.0
66","51.1
160","14.9
53","19.1
54","33.8
75","32.3
268","31.9
261","28.9
43","54.5
73","51.5
170","35.6
84","33.6
151","45.8
48","37.6
123","64.4
327","+4.0
23"
30,"BYU
   (A) 73 West Virginia",B12,28,20-8,"125.1
15","104.1
78",".8927
30","55.1
42","50.5
126","14.9
53","16.1
222","34.1
69","28.1
70","35.3
176","28.3
32","56.6
43","50.0
105","35.2
104","34.2
192","40.0
169","38.9
158","70.0
49","+4.0
22"
31,Indiana,B10,28,17-11,"123.1
25","102.4
54",".8926
31","56.0
28","48.2
50","14.9
53","15.2
277","27.1
294","29.7
140","35.5
170","37.0
231","60.0
8","48.4
53","34.9
122","32.0
67","51.2
10","36.4
86","66.4
238","+0.38
51"
32,"Santa Clara
   (H) 174 Oregon St.",WCC,30,23-7,"123.3
24","102.7
56",".8913
32","54.9
49","51.8
203","15.9
122","20.7
18","35.9
27","31.6
230","26.3
355","37.5
244","57.2
37","52.9
229","34.6
140","33.3
141","44.2
82","37.5
119","70.0
48","+1.5
39"
33,"Clemson
   (H) 18 Louisville",ACC,28,20-8,"115.7
78","96.6
19",".8883
33","53.1
102","47.9
40","14.8
50","17.6
125","29.1
231","25.1
12","37.1
133","33.8
143","54.9
64","48.3
52","33.9
181","31.5
49","43.1
103","42.1
265","64.3
329","+1.7
38"
34,"Texas A&M
   (H) 42 Texas",SEC,28,19-9,"121.8
34","101.7
45",".8882
34","55.2
39","50.7
142","15.1
67","18.4
88","33.1
92","32.1
259","36.8
144","35.7
194","55.4
55","52.6
222","36.7
41","32.0
67","46.9
32","41.7
259","71.2
23","+1.5
41"
35,"SMU
   (A) 74 Stanford",ACC,28,19-9,"125.6
11","105.0
97",".8869
35","56.5
22","50.6
136","15.6
98","17.3
143","34.9
49","31.7
234","32.7
245","31.4
89","56.3
45","51.8
184","37.9
20","32.8
109","34.9
274","46.8
351","69.2
93","+1.5
40"
36,Ohio St.,B10,28,17-11,"122.9
26","103.2
65",".8816
36","55.4
36","49.7
92","15.5
92","15.9
238","31.3
155","31.3
212","36.9
141","34.6
165","57.6
28","52.1
196","34.7
131","30.7
33","39.2
190","40.3
211","66.5
235","+0.8
45"
37,"Cincinnati
   (H) 82 Oklahoma St.",B12,28,15-13,"112.4
114","94.7
12",".8781
37","50.0
235","48.0
43","16.9
185","18.7
72","30.6
182","27.3
46","30.1
310","29.6
50","50.9
218","48.2
48","32.5
252","31.9
62","43.5
100","40.7
224","67.9
152","-1.9
69"
38,"San Diego St.
   (A) 46 New Mexico",MWC,27,19-8,"112.7
110","95.0
13",".8774
38","52.8
117","47.8
37","17.5
230","21.3
11","30.3
190","30.8
192","37.7
115","37.9
257","52.5
147","46.7
22","35.6
84","32.7
100","33.2
310","48.6
358","68.9
105","+0.22
52"
39,"UCLA
   (A) 49 Minnesota",B10,28,19-9,"121.1
38","102.1
49",".8769
39","53.3
87","50.0
105","13.7
16","18.7
72","30.9
170","33.1
301","34.8
193","35.9
205","51.5
193","53.0
234","37.8
21","30.9
36","34.9
274","45.0
332","65.1
304","+2.1
34"
40,"Kentucky
   (H) 12 Vanderbilt",SEC,28,18-10,"119.1
51","100.5
38",".8753
40","53.2
95","47.9
40","15.3
76","15.7
252","35.0
45","29.6
135","37.1
133","35.3
185","54.2
79","48.4
53","34.5
146","31.5
49","39.4
181","40.3
211","68.2
137","+2.4
33"
41,"Auburn
   (H) 87 Mississippi",SEC,28,15-13,"125.3
14","106.2
111",".8711
41","52.0
148","53.5
278","14.4
31","16.6
185","38.7
5","32.2
265","45.9
5","34.6
165","53.1
122","52.1
196","33.6
201","37.0
336","38.4
203","40.5
217","67.4
185","+0.7
46"
42,"Texas
   (A) 34 Texas A&M",SEC,28,17-11,"127.2
6","107.8
148",".8703
42","55.1
42","51.1
160","15.3
76","13.9
338","37.2
16","27.4
47","47.2
2","40.2
296","56.6
43","49.5
83","35.0
115","36.0
295","36.4
239","34.1
30","66.7
225","+0.43
50"
43,"Miami FL
   (H) 133 Boston College",ACC,28,22-6,"120.2
44","101.9
48",".8697
43","55.9
30","51.0
155","16.3
145","18.3
93","37.6
14","25.4
14","37.7
115","29.6
50","58.1
22","49.5
83","34.0
176","35.5
264","31.7
333","40.6
221","68.5
124","+2.8
30"
44,"Georgia
   (H) 100 South Carolina",SEC,28,19-9,"123.5
23","104.8
94",".8678
44","54.0
66","49.7
92","14.2
28","18.7
72","35.7
31","35.6
345","37.6
119","30.7
71","57.4
32","49.7
90","33.1
229","33.2
135","43.1
103","36.7
90","72.2
10","+1.9
36"
45,"Washington
   (H) 27 Wisconsin",B10,28,14-14,"117.2
63","101.1
41",".8449
45","51.3
179","49.5
85","15.7
107","14.7
313","34.3
63","28.5
83","31.0
284","32.7
118","53.0
126","50.0
105","31.9
285","32.5
93","33.8
301","37.3
110","66.8
219","-2.4
77"
46,"New Mexico
   (H) 38 San Diego St.",MWC,28,21-7,"116.2
69","100.4
33",".8430
46","54.0
66","48.6
56","15.6
98","19.3
44","28.9
236","27.9
67","35.7
168","32.1
103","53.7
95","52.4
214","36.2
53","29.6
11","42.4
127","47.8
357","69.9
58","+0.7
47"
47,"Missouri
   (A) 88 Mississippi St.",SEC,28,19-9,"120.3
43","104.0
77",".8418
47","55.5
35","50.5
126","17.6
238","16.2
211","35.6
33","31.7
234","43.1
23","35.0
176","57.2
37","47.4
38","35.0
115","36.2
303","36.4
239","44.1
319","66.5
233","+1.9
35"
48,"UCF
   (H) 50 Baylor",B12,27,20-7,"122.2
31","105.7
106",".8411
48","54.4
58","52.5
233","16.3
145","16.1
222","34.9
49","27.8
64","29.8
312","33.6
139","52.8
133","54.0
277","38.3
13","33.4
145","35.2
269","40.1
201","69.2
92","+3.5
25"
49,"Minnesota
   (H) 39 UCLA",B10,28,13-15,"115.5
80","101.1
40",".8229
49","53.9
70","51.0
155","16.6
159","17.5
130","28.0
266","29.2
116","37.4
126","28.2
30","56.1
48","51.1
150","34.3
156","33.9
174","47.8
26","41.5
255","63.0
357","-3.8
97"
50,"Baylor
   (A) 48 UCF",B12,28,14-14,"121.2
36","106.4
115",".8164
50","53.7
76","51.5
190","16.6
159","15.9
238","36.6
19","32.2
265","36.1
159","30.2
61","54.7
69","51.1
150","34.7
131","34.8
228","39.6
179","34.6
40","68.0
147","-2.3
76"
51,"VCU
   (H) 171 Fordham",A10,28,21-7,"119.4
48","105.0
95",".8151
51","54.2
63","49.1
72","15.8
114","17.3
143","33.6
83","30.2
162","45.7
6","34.9
174","54.1
84","48.4
53","36.3
49","33.8
166","44.5
75","33.4
19","69.5
70","+0.45
49"
52,"Virginia Tech
   (A) 23 North Carolina",ACC,28,18-10,"116.8
65","102.8
59",".8131
52","52.4
134","50.4
122","14.8
50","17.5
130","31.7
140","32.5
278","34.7
195","27.6
25","51.7
183","53.7
266","35.6
84","30.2
19","39.4
181","39.8
188","67.1
203","+0.02
53"
53,"Oklahoma
   (A) 63 LSU",SEC,28,14-14,"123.6
22","108.8
169",".8119
53","54.7
51","51.9
209","14.6
42","15.1
281","33.7
76","32.9
296","35.5
170","34.3
153","54.4
77","51.8
184","36.7
41","34.7
218","44.6
70","38.9
158","66.4
237","-2.5
79"
54,"Grand Canyon
   (A) 28 Utah St.",MWC,28,18-10,"110.5
146","97.4
20",".8112
54","50.8
201","47.2
25","17.8
252","17.5
130","32.0
126","26.3
24","39.6
70","37.4
240","53.7
95","46.9
25","30.8
323","31.8
59","38.4
203","38.5
147","67.9
156","-2.1
71"
55,South Florida,Amer,28,20-8,"117.4
59","103.6
70",".8088
55","50.8
201","49.1
72","15.5
92","18.7
72","38.0
10","31.9
247","42.7
30","39.0
280","51.9
171","46.4
19","33.0
232","35.5
264","44.0
87","39.0
163","71.4
21","-1.1
64"
56,"California
   (H) 114 Pittsburgh",ACC,28,20-8,"115.6
79","102.3
52",".8028
56","52.6
125","49.0
70","14.9
53","15.9
238","25.9
322","31.2
206","37.9
109","36.6
221","49.9
255","51.5
170","37.5
26","30.3
23","42.7
122","41.3
249","67.5
181","+0.8
44"
57,"TCU
   (A) 106 Kansas St.",B12,28,18-10,"113.3
100","100.5
35",".8000
57","50.9
195","50.8
148","15.8
114","19.5
33","34.0
71","29.1
112","39.7
68","31.0
78","51.5
193","50.7
130","33.4
215","33.9
174","36.8
231","37.4
115","67.8
161","+0.48
48"
58,"USC
   (H) 16 Nebraska",B10,28,18-10,"113.1
107","100.5
36",".7957
58","50.9
195","49.1
72","17.6
238","16.7
178","33.7
76","31.4
216","46.0
4","34.9
174","51.9
171","51.6
176","32.6
247","30.3
23","33.9
298","41.1
241","70.8
28","+0.8
43"
59,Tulsa,Amer,29,23-6,"122.1
32","108.5
162",".7956
59","57.3
15","50.3
116","15.4
83","15.4
263","32.5
112","28.2
72","40.5
52","31.5
91","55.4
55","50.0
105","39.8
4","33.9
174","46.1
42","39.8
188","68.0
148","-0.8
60"
60,"Boise St.
   (A) 122 Fresno St.",MWC,28,17-11,"117.4
58","104.6
89",".7902
60","52.2
145","52.6
236","16.7
171","15.0
292","31.6
143","24.3
5","42.5
33","32.4
114","52.4
154","52.8
227","34.6
140","35.0
237","42.4
127","37.0
99","65.8
269","-2.2
72"
61,"Providence
   (A) 83 Creighton",BE,28,13-15,"123.7
21","110.4
194",".7872
61","55.2
39","51.4
184","16.3
145","12.8
359","32.7
104","31.1
200","38.0
103","33.5
137","56.1
48","49.8
97","35.9
68","36.0
295","40.5
157","39.0
163","71.5
19","-4.5
102"
62,"Northwestern
   (H) 90 Oregon",B10,28,12-16,"116.4
67","104.1
79",".7841
62","51.2
183","50.2
110","12.8
3","16.9
170","27.6
281","34.2
320","35.0
186","35.7
194","52.5
147","50.9
138","32.5
252","32.7
100","34.2
290","40.6
221","65.9
260","-3.7
94"
63,"LSU
   (H) 53 Oklahoma",SEC,28,15-13,"119.7
47","107.0
127",".7827
63","53.1
102","50.6
136","15.0
63","14.4
325","33.2
91","31.8
240","41.1
51","38.1
265","54.6
72","48.9
64","33.5
209","35.6
274","34.3
287","37.6
123","66.6
229","-2.3
75"
64,Belmont,MVC,30,26-4,"120.5
42","107.8
149",".7815
64","61.4
1","49.1
72","18.3
277","17.7
117","28.8
241","29.2
116","32.9
240","29.5
49","61.2
5","47.7
44","41.1
1","33.7
158","45.2
59","49.0
360","69.1
98","+0.9
42"
65,"Seton Hall
   (A) 8 Connecticut",BE,28,19-9,"106.5
225","95.5
14",".7788
65","47.6
323","46.6
18","16.9
185","22.1
6","35.6
33","31.9
247","36.3
153","42.1
324","48.4
299","45.5
14","30.3
336","32.0
67","26.7
363","42.6
284","65.5
283","-0.06
55"
66,Akron,MAC,29,24-5,"119.2
49","106.9
124",".7776
66","58.6
8","51.0
155","15.6
98","18.5
86","33.7
76","31.0
197","29.8
312","31.1
81","59.4
13","49.4
79","38.5
11","35.4
258","44.9
65","43.2
295","70.9
26","-0.8
59"
67,"Arizona St.
   (H) 97 Utah",B12,28,14-14,"117.2
61","105.2
99",".7764
67","51.3
179","53.4
274","16.0
127","18.9
62","30.3
190","34.0
318","39.7
68","35.8
198","51.7
183","53.4
249","33.8
187","35.5
264","38.0
214","40.1
201","69.3
87","-2.1
70"
68,Butler,BE,29,15-14,"118.5
56","106.5
116",".7746
68","51.3
179","52.0
213","15.7
107","15.3
271","35.0
45","30.1
156","43.1
23","25.2
8","52.0
166","53.5
255","33.4
215","32.9
115","35.3
265","37.2
107","68.7
113","-3.2
85"
69,"Syracuse
   (A) 72 Wake Forest",ACC,28,15-13,"116.2
70","104.4
84",".7739
69","52.9
114","49.5
85","16.1
136","17.8
113","29.8
213","33.2
305","36.6
148","34.3
153","54.8
65","48.9
64","33.0
232","33.6
151","36.2
246","34.7
43","67.8
162","-2.5
80"
70,"Nevada
   (A) 126 UNLV",MWC,28,19-9,"116.2
68","104.5
85",".7733
70","49.7
251","50.9
151","14.7
46","17.3
143","32.7
104","28.2
72","44.9
9","38.1
265","46.6
333","49.9
102","37.3
31","34.8
228","33.0
316","44.0
317","65.6
279","-0.6
57"
71,"Florida St.
   (A) 172 Georgia Tech",ACC,28,14-14,"116.1
73","104.4
83",".7725
71","50.9
195","52.4
231","15.4
83","19.3
44","31.0
164","32.6
283","34.7
195","32.9
123","54.1
84","52.8
227","31.9
285","34.5
204","50.8
12","44.0
317","71.1
25","-3.0
83"
72,"Wake Forest
   (H) 69 Syracuse",ACC,28,14-14,"117.3
60","105.5
101",".7713
72","52.3
141","52.3
223","15.4
83","18.8
68","30.0
200","32.9
296","34.6
200","36.3
211","53.7
95","55.1
307","33.8
187","32.8
109","44.7
67","46.9
352","68.5
127","-3.3
87"
73,"West Virginia
   (H) 30 BYU",B12,28,16-12,"109.5
163","98.6
26",".7705
73","51.6
170","48.3
52","17.3
214","17.9
107","30.4
186","28.1
70","35.2
179","28.7
40","52.7
141","45.1
11","33.4
215","35.5
264","42.9
114","38.6
149","62.6
363","-1.8
68"
74,"Stanford
   (H) 35 SMU",ACC,28,17-11,"114.4
90","103.5
69",".7591
74","50.4
219","51.2
171","15.9
122","18.7
72","32.4
117","28.8
96","36.7
146","40.4
297","49.7
263","51.5
170","34.2
162","33.7
158","44.2
82","33.5
21","67.5
183","-1.6
67"
75,George Washington,A10,29,16-13,"119.1
50","108.0
154",".7558
75","55.6
34","52.4
231","18.1
264","17.9
107","36.3
24","28.4
80","35.9
164","34.8
173","57.4
32","53.7
266","35.6
84","33.7
158","46.5
37","43.2
295","69.5
74","-6.5
149"
76,Dayton,A10,29,20-9,"111.5
130","101.3
43",".7510
76","52.3
141","51.1
160","17.3
214","22.2
5","27.0
298","30.6
179","48.0
1","35.9
205","52.8
133","49.1
71","34.3
156","35.9
291","41.2
149","41.1
241","67.6
173","-1.2
65"
77,"McNeese St.
   (A) 181 New Orleans",Slnd,29,24-5,"114.4
91","104.3
81",".7439
77","51.4
176","49.7
92","14.4
31","24.6
1","35.6
33","35.0
335","38.3
98","41.6
318","53.2
119","49.1
71","32.0
278","33.5
147","34.9
274","46.7
350","66.4
236","+0.02
54"
78,Miami OH,MAC,29,29-0,"116.9
64","106.6
118",".7436
78","59.1
5","50.3
116","14.5
35","18.0
101","25.0
341","27.5
51","40.2
58","32.1
103","61.5
3","50.8
134","37.4
29","32.9
115","44.0
87","37.4
115","70.1
46","+3.0
27"
79,"Stephen F. Austin
   (A) 313 Houston Christian",Slnd,29,25-4,"113.3
101","103.4
68",".7401
79","51.7
164","47.2
25","14.1
27","17.6
125","34.8
53","28.9
101","31.0
284","31.2
82","50.1
245","48.2
48","36.0
62","30.2
19","39.8
175","35.0
48","66.0
259","-0.5
56"
80,"Colorado
   (A) 5 Houston",B12,28,16-12,"116.1
72","106.3
113",".7336
80","53.0
108","52.1
217","14.5
35","16.0
233","29.7
217","29.5
130","36.1
159","34.5
160","53.1
122","50.7
130","35.3
99","36.4
315","35.1
270","37.1
104","68.6
114","-2.2
74"
81,"Utah Valley
   (H) 248 Abilene Christian",WAC,28,21-7,"112.2
116","102.8
60",".7330
81","54.7
51","48.3
52","20.6
352","21.6
8","35.8
28","31.8
240","36.3
153","37.6
248","57.5
31","46.7
22","32.7
245","34.5
204","32.8
317","32.1
10","69.1
100","-2.5
78"
82,"Oklahoma St.
   (A) 37 Cincinnati",B12,28,17-11,"116.0
74","106.3
114",".7316
82","52.3
141","52.3
223","16.4
150","16.8
173","30.9
170","30.3
166","39.0
81","32.3
111","52.9
130","52.1
196","34.1
168","35.1
242","36.1
247","43.2
295","72.2
12","-0.9
61"
83,"Creighton
   (H) 61 Providence",BE,29,14-15,"116.6
66","107.0
125",".7292
83","53.8
73","51.3
177","16.8
177","14.0
336","27.7
277","30.6
179","27.9
344","24.7
5","55.1
60","50.2
110","35.0
115","35.8
285","48.3
22","32.2
12","67.3
189","-3.3
86"
84,"Georgetown
   (A) 93 Xavier",BE,28,13-15,"114.2
92","104.8
92",".7288
84","49.1
283","49.9
101","15.2
71","16.1
222","33.1
92","31.4
216","38.9
85","35.7
194","49.9
255","50.2
110","31.7
295","32.9
115","35.8
254","40.9
232","66.4
239","-5.0
111"
85,Marquette,BE,28,10-18,"113.1
104","103.8
74",".7278
85","50.5
216","51.3
177","15.8
114","19.0
58","30.3
190","34.7
329","32.1
257","32.0
101","52.1
164","51.6
176","32.1
273","33.9
174","41.3
145","39.0
163","69.4
84","-7.3
164"
86,Northern Iowa,MVC,30,18-12,"107.6
200","98.9
29",".7250
86","53.1
102","47.7
33","14.5
35","18.3
93","21.3
361","25.5
15","25.4
363","29.2
47","54.5
73","50.8
134","34.0
176","28.8
5","39.6
179","41.0
237","62.2
364","-6.0
133"
87,"Mississippi
   (A) 41 Auburn",SEC,28,11-17,"113.9
98","104.8
93",".7235
87","49.9
242","51.3
177","13.9
19","17.0
161","29.0
232","32.5
278","33.5
228","41.1
313","50.2
241","51.0
145","33.0
232","34.5
204","36.6
237","42.3
275","65.9
263","-5.3
114"
88,"Mississippi St.
   (H) 47 Missouri",SEC,28,13-15,"113.5
99","104.6
88",".7178
88","51.2
183","49.9
101","15.6
98","12.8
359","30.8
177","29.7
140","31.5
272","32.2
107","52.8
133","50.6
125","32.5
252","32.6
97","40.5
157","39.7
186","69.2
90","-3.8
96"
89,Wichita St.,Amer,29,19-10,"111.6
126","103.1
64",".7141
89","49.5
265","47.8
37","14.9
53","16.1
222","38.3
8","29.1
112","37.6
119","34.4
156","49.2
279","48.9
64","33.3
219","30.5
27","33.9
298","33.5
21","66.3
245","-3.8
95"
90,"Oregon
   (A) 62 Northwestern",B10,28,11-17,"113.0
108","104.6
87",".7086
90","50.0
235","51.1
160","18.0
260","15.9
238","33.0
96","31.9
247","36.2
157","33.1
124","50.9
218","51.0
145","32.5
252","34.1
189","43.2
102","41.6
258","65.9
265","-5.4
117"
91,"Colorado St.
   (A) 220 San Jose St.",MWC,28,18-10,"119.1
52","110.3
193",".7063
91","58.2
9","53.3
271","18.3
277","15.0
292","31.2
157","28.6
89","39.8
65","32.2
107","57.7
24","53.5
255","39.2
6","35.3
253","48.9
20","44.2
321","62.6
362","-2.7
81"
92,High Point,BSth,31,27-4,"117.2
62","108.8
168",".7014
92","55.0
48","50.9
151","13.0
5","22.4
4","32.5
112","31.7
234","42.9
27","36.1
208","57.6
28","52.2
204","34.4
152","32.8
109","43.1
103","41.3
249","69.9
56","-1.5
66"
93,"Xavier
   (H) 84 Georgetown",BE,28,13-15,"115.4
82","107.1
131",".7012
93","51.7
164","53.2
266","13.9
19","15.6
254","26.4
315","28.9
101","27.0
350","34.2
151","49.9
255","53.9
274","36.2
53","34.5
204","40.7
154","34.8
45","70.3
40","-4.4
101"
94,Davidson,A10,28,17-11,"112.0
121","104.2
80",".6967
94","53.3
87","51.3
177","16.6
159","17.7
117","29.7
217","30.7
188","31.5
272","36.1
208","51.9
171","52.9
229","36.7
41","32.4
86","43.5
100","37.3
110","63.5
349","-4.5
103"
95,"Sam Houston St.
   (H) 194 Missouri St.",CUSA,28,20-8,"115.2
84","107.3
138",".6919
95","53.3
87","50.2
110","17.1
203","16.4
199","35.3
42","30.4
170","34.5
203","37.9
257","51.3
200","52.4
214","37.8
21","31.3
42","36.7
234","41.2
248","70.2
42","-3.1
84"
96,"Yale
   (A) 195 Columbia",Ivy,26,21-5,"119.8
45","111.7
229",".6901
96","56.3
23","52.6
236","14.0
25","16.1
222","33.4
87","28.5
83","36.0
162","28.6
38","53.5
109","52.1
196","40.7
3","35.5
264","36.0
250","44.9
330","65.1
303","-0.9
62"
97,"Utah
   (A) 67 Arizona St.",B12,28,10-18,"114.7
87","107.1
130",".6869
97","52.0
148","52.9
252","16.7
171","13.9
338","29.2
229","31.5
221","32.3
253","30.0
57","51.7
183","54.2
283","35.1
110","33.6
151","38.3
208","33.9
27","67.1
202","-6.9
156"
98,DePaul,BE,28,15-13,"108.7
175","101.5
44",".6864
98","50.8
201","49.8
99","17.7
247","18.7
72","30.4
186","30.8
192","36.2
157","37.2
235","51.4
196","47.1
28","33.2
225","36.7
325","39.3
187","33.9
27","66.3
244","-3.7
93"
99,"Hofstra
   (H) 221 Stony Brook",CAA,29,19-10,"114.1
94","106.7
122",".6844
99","51.9
154","46.6
18","16.0
127","15.0
292","34.2
66","30.9
195","31.5
272","35.4
188","48.8
289","44.9
7","37.4
29","32.7
100","42.3
130","39.9
193","65.2
300","-5.2
113"
100,"South Carolina
   (A) 44 Georgia",SEC,28,12-16,"112.0
122","104.7
91",".6835
100","50.8
201","50.6
136","14.2
28","15.0
292","26.2
319","32.8
292","36.9
141","34.7
169","54.2
79","52.3
211","30.9
319","31.6
51","43.8
93","35.6
60","66.8
222","-5.6
120"
RK,TEAM,CONF,G,REC,ADJOE,ADJDE,BARTHAG,EFG%,EFGD%,TOR,TORD,ORB,DRB,FTR,FTRD,2P%,2P%D,3P%,3P%D,3PR,3PRD,ADJ T.,WAB
101,"Pacific
   (H) 131 San Francisco",WCC,30,17-13,"111.4
131","104.3
82",".6808
101","53.0
108","49.7
92","20.3
348","15.0
292","34.8
53","24.6
6","31.1
280","36.3
211","51.8
179","48.8
62","36.8
39","34.0
182","35.0
272","42.1
265","64.6
323","-5.7
124"
102,"Notre Dame
   (H) 25 N.C. State",ACC,28,12-16,"114.1
95","106.8
123",".6794
102","52.2
145","51.5
190","17.1
203","14.3
329","31.6
143","26.7
31","32.9
240","35.3
185","51.7
183","53.0
234","35.2
104","33.2
135","43.1
103","47.4
355","65.9
264","-4.8
107"
103,"Wyoming
   (H) 346 Air Force",MWC,28,15-13,"114.6
89","107.4
139",".6787
103","52.0
148","52.0
213","16.7
171","17.0
161","34.2
66","27.2
43","36.0
162","48.3
361","53.8
90","53.7
266","33.0
232","32.8
109","43.8
93","37.1
104","66.4
240","-4.8
108"
104,"Seattle
   (A) 145 Loyola Marymount",WCC,30,18-12,"102.9
287","96.4
18",".6785
104","49.7
251","48.2
50","17.1
203","21.2
14","24.9
342","32.3
268","33.6
225","33.3
131","49.9
255","48.6
59","32.9
240","31.6
51","38.7
198","37.2
107","68.3
136","-5.0
110"
105,Illinois St.,MVC,30,19-11,"109.8
158","103.0
63",".6753
105","53.9
70","49.3
84","16.9
185","16.3
201","28.6
246","24.9
10","30.7
294","33.6
139","55.0
61","49.4
79","35.0
115","32.7
100","42.2
133","34.1
30","67.0
206","-5.3
115"
106,"Kansas St.
   (H) 57 TCU",B12,28,11-17,"112.3
115","105.7
105",".6671
106","53.2
95","51.9
209","17.3
214","17.4
136","30.0
200","33.6
312","26.1
357","36.5
218","52.6
145","52.6
222","36.0
62","33.9
174","41.4
142","38.3
141","72.5
7","-5.6
122"
107,"Saint Joseph's
   (A) 147 Rhode Island",A10,28,18-10,"108.0
189","101.7
46",".6662
107","49.1
283","48.0
43","16.8
177","15.8
247","31.6
143","31.6
230","29.4
321","26.4
15","51.8
179","47.2
33","30.6
330","32.8
109","45.7
50","38.7
152","67.9
155","-4.5
104"
108,Illinois Chicago,MVC,30,17-13,"109.6
161","103.3
67",".6628
108","49.7
251","49.2
79","17.9
257","20.0
23","36.4
20","32.7
286","36.6
148","34.3
153","50.1
245","50.5
120","32.5
252","31.9
62","33.7
304","46.4
347","66.3
248","-7.4
166"
109,"Liberty
   (A) 196 Jacksonville St.",CUSA,28,23-5,"117.5
57","111.1
218",".6574
109","60.0
4","52.3
223","13.9
19","17.8
113","18.4
365","32.5
278","32.7
245","26.1
14","60.8
6","49.7
90","39.4
5","37.8
350","46.9
32","37.9
131","64.1
337","-0.7
58"
110,"St. Thomas
   (H) 237 Nebraska Omaha",Sum,30,22-8,"115.4
81","109.3
183",".6514
110","60.1
2","51.5
190","13.9
19","17.3
143","21.8
358","27.5
51","34.4
205","30.2
61","64.2
1","53.8
269","36.9
37","32.1
72","46.3
39","40.9
232","68.9
104","-4.2
100"
111,"Hawaii
   (A) 207 Cal St. Fullerton",BW,27,20-7,"106.3
230","100.7
39",".6501
111","52.0
148","45.9
11","19.3
324","17.3
143","31.6
143","25.5
15","43.2
17","36.3
211","54.4
77","47.3
35","32.3
262","28.5
3","39.4
181","31.6
8","69.7
66","-3.4
89"
112,Memphis,Amer,28,12-16,"107.5
203","102.3
51",".6403
112","48.9
292","47.8
37","19.4
325","19.1
54","35.0
45","35.8
348","33.6
225","43.0
332","49.5
271","50.6
125","31.9
285","29.5
9","34.5
282","43.5
304","69.8
62","-7.5
170"
113,"UC Irvine
   (H) 119 UC Santa Barbara",BW,29,19-10,"103.5
270","98.5
25",".6393
113","49.3
272","44.7
3","18.1
264","18.7
72","30.3
190","32.3
268","35.1
183","28.2
30","48.8
289","42.0
1","33.6
201","33.0
124","28.7
359","36.4
86","68.5
126","-5.5
118"
114,"Pittsburgh
   (A) 56 California",ACC,28,10-18,"112.0
120","106.6
120",".6387
114","50.8
201","53.0
256","17.5
230","16.2
211","33.7
76","28.7
91","30.5
303","31.9
100","51.0
213","53.6
263","33.7
191","34.7
218","43.0
111","40.7
224","63.9
341","-7.4
167"
115,Florida Atlantic,Amer,29,16-13,"111.1
139","105.8
107",".6365
115","52.5
128","49.9
101","17.4
222","16.0
233","32.0
126","28.5
83","32.4
251","36.2
210","53.9
89","48.9
64","33.6
201","34.4
202","39.1
191","36.3
84","69.9
60","-7.1
160"
116,"Washington St.
   (A) 270 Pepperdine",WCC,30,12-18,"115.9
75","110.6
203",".6323
116","55.4
36","52.8
249","18.7
299","14.5
322","29.4
226","27.9
67","31.1
280","32.8
120","55.2
58","52.2
204","37.1
32","35.9
291","44.6
70","37.3
110","67.6
177","-9.6
224"
117,"Cal Baptist
   (H) 204 Tarleton St.",WAC,28,20-8,"106.6
224","101.9
47",".6292
117","47.5
326","46.4
15","18.3
277","16.3
201","38.3
8","27.1
39","36.1
159","35.8
198","46.9
328","47.3
35","32.5
252","29.7
14","32.0
329","32.5
15","65.6
278","-2.8
82"
118,Maryland,B10,28,11-17,"112.5
113","107.6
145",".6253
118","48.3
307","55.0
323","18.3
277","15.6
254","33.4
87","30.1
156","38.0
103","35.4
188","48.1
304","54.2
283","32.3
262","37.3
342","46.3
39","43.2
295","66.6
231","-4.1
99"
119,"UC Santa Barbara
   (A) 113 UC Irvine",BW,29,18-11,"115.8
77","111.0
217",".6179
119","55.1
42","53.2
266","18.2
270","17.4
136","31.7
140","25.9
18","37.9
109","42.8
328","53.8
90","53.5
255","37.8
21","35.1
242","43.6
97","36.6
89","64.2
332","-6.7
154"
120,"Duquesne
   (A) 26 Saint Louis",A10,28,16-12,"110.7
144","106.2
112",".6161
120","53.3
87","51.2
171","17.7
247","18.0
101","29.3
227","30.0
152","38.9
85","41.1
313","55.0
61","51.3
165","34.1
168","34.1
189","44.6
70","39.9
193","69.9
54","-6.1
137"
121,"UT Rio Grande Valley
   (H) 296 East Texas A&M",Slnd,29,16-13,"111.6
125","107.2
134",".6140
121","54.4
58","48.3
52","18.2
270","16.5
191","28.9
236","32.4
275","29.2
325","39.2
283","54.2
79","49.6
86","36.5
46","30.9
36","43.6
97","38.7
152","66.9
215","-7.6
176"
122,"Fresno St.
   (H) 60 Boise St.",MWC,28,12-16,"108.1
186","103.8
73",".6135
122","51.2
183","51.8
203","18.5
289","19.0
58","28.7
242","30.2
162","35.2
179","29.9
54","52.9
130","56.3
327","32.5
252","30.6
29","41.3
145","43.6
308","68.5
121","-8.4
204"
123,Murray St.,MVC,30,20-10,"116.1
71","111.9
234",".6057
123","54.3
61","51.9
209","16.6
159","16.1
222","33.5
84","31.1
200","38.2
100","31.4
89","56.2
47","50.9
138","34.7
131","36.5
318","45.2
59","27.5
2","71.6
18","-3.8
98"
124,UNC Wilmington,CAA,29,25-4,"111.3
133","107.3
135",".6052
124","50.8
201","47.3
28","14.4
31","15.1
281","34.7
56","26.5
28","43.7
16","30.3
63","49.2
279","49.6
86","35.7
77","29.5
9","38.3
208","42.4
279","64.8
318","-1.0
63"
125,"North Dakota St.
   (H) 273 North Dakota",Sum,30,23-7,"112.6
112","108.5
164",".6042
125","53.1
102","53.0
256","15.6
98","18.9
62","33.9
74","26.6
29","30.3
309","28.4
35","53.3
118","53.6
263","35.2
104","34.7
218","42.4
127","42.8
290","66.2
252","-3.5
91"
126,"UNLV
   (H) 70 Nevada",MWC,28,14-14,"115.1
85","110.9
216",".6035
126","52.8
117","53.1
262","16.6
159","17.8
113","31.1
162","31.4
216","42.0
39","46.6
354","53.5
109","52.2
204","34.4
152","36.4
315","35.3
265","37.0
99","70.2
44","-6.2
140"
127,"UC San Diego
   (H) 219 Cal Poly",BW,29,20-9,"107.6
199","103.8
72",".6012
127","53.0
108","48.0
43","16.6
159","16.6
185","26.8
301","27.5
51","32.0
260","31.2
82","54.8
65","47.9
47","33.7
191","32.1
72","42.9
114","42.1
265","67.8
167","-4.6
106"
128,Southern Illinois,MVC,30,15-15,"102.4
294","98.9
30",".5987
128","49.3
272","48.9
67","17.3
214","18.7
72","30.0
200","27.6
58","32.4
251","31.6
93","52.3
157","51.2
158","27.8
362","30.4
25","28.8
357","40.9
232","69.4
82","-8.5
207"
129,UAB,Amer,28,18-10,"108.7
176","105.1
98",".5952
129","48.0
316","49.6
88","12.6
2","16.5
191","32.9
99","27.2
43","37.0
138","29.0
44","50.5
230","50.7
130","28.2
360","32.0
67","30.8
344","39.3
174","69.4
83","-4.6
105"
130,"Wright St.
   (A) 192 Northern Kentucky",Horz,30,19-11,"112.7
111","109.2
180",".5906
130","54.0
66","52.7
244","16.6
159","16.7
178","33.0
96","29.3
122","37.2
128","33.3
131","54.0
86","53.9
274","36.1
56","33.6
151","34.3
287","34.1
30","66.8
223","-7.0
158"
131,"San Francisco
   (A) 101 Pacific",WCC,30,15-15,"113.1
106","110.1
191",".5765
131","51.0
189","50.9
151","16.1
136","13.4
350","31.2
157","28.3
76","39.8
65","29.9
54","50.6
227","50.4
117","34.4
152","34.6
211","45.9
47","36.0
74","65.7
273","-6.5
145"
132,"Penn St.
   (H) 22 Iowa",B10,28,11-17,"115.2
83","112.2
242",".5760
132","52.8
117","58.3
363","15.0
63","18.2
96","27.3
289","31.5
221","33.0
237","27.4
21","55.9
50","58.6
353","31.8
292","38.6
362","38.0
214","43.8
313","67.7
168","-6.0
134"
133,"Boston College
   (A) 43 Miami FL",ACC,28,10-18,"105.1
254","102.4
54",".5741
133","47.3
329","48.7
59","15.2
71","14.7
313","28.4
255","29.0
107","31.9
261","34.7
169","48.8
289","49.8
97","30.1
342","31.3
42","42.3
130","38.3
141","65.6
275","-9.4
220"
134,Bradley,MVC,30,19-11,"111.1
137","108.3
159",".5734
134","51.0
189","52.3
223","13.9
19","19.4
38","27.3
289","28.3
76","34.7
195","37.5
244","48.7
295","51.5
170","36.3
49","35.7
280","41.3
145","40.6
221","67.5
182","-5.5
119"
135,"Montana St.
   (H) 267 Sacramento St.",BSky,29,16-13,"110.5
147","108.0
153",".5666
135","52.9
114","51.8
203","14.9
53","16.3
201","26.7
303","29.6
135","31.6
268","30.1
59","52.7
141","51.9
188","35.5
93","34.4
202","44.2
82","34.4
36","66.2
251","-7.7
177"
136,"Austin Peay
   (A) 311 Bellarmine",ASun,28,21-7,"109.5
162","107.4
140",".5551
136","53.0
108","51.4
184","15.4
83","18.6
84","29.5
224","29.5
130","37.1
133","33.2
127","52.5
147","53.3
246","35.9
68","32.4
86","38.2
210","40.9
232","68.8
107","-3.6
92"
137,"George Mason
   (H) 167 St. Bonaventure",A10,28,21-7,"110.2
154","108.1
157",".5546
137","52.7
122","50.0
105","15.9
122","15.9
238","30.9
170","27.8
64","44.4
13","28.6
38","54.2
79","50.5
120","33.2
225","33.0
124","34.7
279","44.2
321","64.2
331","-2.2
73"
138,"William & Mary
   (A) 290 North Carolina A&T",CAA,28,17-11,"110.7
142","108.7
166",".5523
138","54.5
56","51.4
184","16.9
185","19.2
49","25.9
322","31.1
200","41.6
45","34.7
169","57.9
23","53.1
239","33.3
219","32.9
115","43.1
103","44.9
330","73.0
5","-6.5
148"
139,"Navy
   (H) 246 Colgate",Pat,30,24-6,"105.9
241","104.0
76",".5511
139","53.1
102","47.2
25","17.1
203","18.0
101","31.0
164","26.4
27","39.4
72","26.4
15","52.8
133","50.5
120","35.8
73","28.9
6","32.8
317","45.6
342","65.2
294","-3.3
88"
140,Rutgers,B10,28,11-17,"111.2
136","109.3
182",".5496
140","47.2
332","53.4
274","15.5
92","16.5
191","31.4
152","33.1
301","37.4
126","30.4
66","46.8
331","51.8
184","32.0
278","37.2
341","35.0
272","39.1
169","65.9
262","-5.8
129"
141,"Cal St. Northridge
   (A) 269 UC Riverside",BW,29,18-11,"109.2
168","107.3
137",".5489
141","51.5
174","51.4
184","17.6
238","16.8
173","32.1
124","26.3
24","35.5
170","35.0
176","52.0
166","50.9
138","33.7
191","34.6
211","32.7
321","48.6
358","73.4
4","-6.1
138"
142,Arkansas St.,SB,31,20-11,"110.7
143","109.0
173",".5440
142","51.8
160","50.0
105","19.9
341","14.9
306","37.9
11","27.1
39","39.4
72","37.0
231","53.7
95","50.8
134","33.0
232","32.6
97","44.7
67","38.0
135","72.4
9","-6.4
143"
143,"Middle Tennessee
   (H) 191 New Mexico St.",CUSA,28,14-14,"110.6
145","109.0
175",".5407
143","51.4
176","51.3
177","16.6
159","15.0
292","30.4
186","27.6
58","31.1
280","37.2
235","52.5
147","51.1
150","33.3
219","34.5
204","45.2
59","36.0
74","65.4
290","-8.3
200"
144,"Northern Colorado
   (A) 160 Idaho",BSky,29,18-11,"112.1
119","110.5
195",".5406
144","55.9
30","50.5
126","16.1
136","12.3
363","27.9
271","24.2
4","27.5
347","39.7
285","58.6
19","52.5
218","34.7
131","31.2
40","41.7
139","34.6
40","68.4
132","-6.6
151"
145,"Loyola Marymount
   (H) 104 Seattle",WCC,30,15-15,"106.5
227","105.0
96",".5401
145","51.9
154","48.8
63","17.5
230","16.8
173","26.6
308","32.2
265","31.2
278","31.8
98","51.8
179","47.1
28","34.7
131","34.6
211","41.1
150","35.6
60","67.6
175","-8.3
199"
146,"Valparaiso
   (A) 314 Evansville",MVC,30,17-13,"108.5
179","107.1
129",".5387
146","47.6
323","50.5
126","15.7
107","17.0
161","32.8
100","30.5
176","38.5
92","35.3
185","46.1
342","52.0
193","33.5
209","32.1
72","36.7
234","37.3
110","65.1
307","-6.7
152"
147,"Rhode Island
   (H) 107 Saint Joseph's",A10,28,15-13,"106.7
221","105.4
100",".5358
147","51.0
189","51.5
190","18.8
305","21.3
11","31.5
148","31.7
234","40.4
54","42.9
330","53.7
95","49.5
83","31.6
300","36.3
310","42.6
124","41.3
249","65.9
261","-7.2
161"
148,North Texas,Amer,29,16-13,"104.1
262","102.8
61",".5351
148","46.4
341","49.0
70","17.5
230","21.5
10","34.5
59","33.1
301","39.5
71","44.7
348","47.9
309","50.2
110","28.9
353","31.3
42","32.6
326","37.4
115","65.0
308","-7.3
165"
149,Troy,SB,31,20-11,"111.7
124","110.6
205",".5290
149","51.7
164","50.5
126","16.5
154","16.8
173","34.3
63","31.6
230","35.3
176","32.3
111","52.8
133","51.9
188","33.6
201","32.0
67","46.2
41","38.3
141","65.1
302","-6.2
139"
150,"Toledo
   (A) 215 Ohio",MAC,28,15-13,"114.0
97","113.1
257",".5245
150","53.6
78","54.5
306","15.0
63","18.3
93","29.8
213","34.6
325","33.1
235","27.5
23","53.1
122","55.8
316","36.5
46","35.1
242","32.4
327","39.8
188","68.5
125","-8.3
195"
151,"Central Arkansas
   (H) 206 Queens",ASun,30,19-11,"109.9
157","109.1
177",".5220
151","53.8
73","55.1
326","15.5
92","19.1
54","28.5
250","27.0
37","31.0
284","29.9
54","54.8
65","56.5
333","35.2
104","35.9
291","49.4
19","51.8
362","68.0
149","-5.8
125"
152,"Western Kentucky
   (H) 268 UTEP",CUSA,28,17-11,"107.4
206","106.6
119",".5212
152","46.9
337","50.5
126","14.5
35","17.6
125","32.4
117","29.2
116","39.2
77","46.6
354","45.2
352","50.2
110","32.9
240","34.0
182","40.1
166","43.2
295","69.8
61","-6.1
135"
153,Temple,Amer,28,15-13,"111.6
128","110.9
215",".5178
153","49.8
246","50.5
126","13.7
16","15.6
254","30.3
190","31.2
206","41.7
44","35.4
188","49.5
271","51.4
168","33.6
201","32.5
93","36.0
250","35.5
59","64.9
312","-8.1
188"
154,"Richmond
   (A) 305 Loyola Chicago",A10,28,15-13,"111.3
135","110.7
209",".5140
154","53.2
95","51.5
190","14.6
42","17.3
143","25.8
327","31.2
206","37.5
121","33.8
143","50.4
235","53.4
249","38.1
16","32.9
115","41.8
137","45.2
335","67.8
163","-7.5
171"
155,"Portland St.
   (A) 169 Montana",BSky,27,18-9,"103.2
276","102.8
58",".5135
155","51.2
183","48.1
48","17.9
257","17.6
125","30.4
186","27.1
39","36.3
153","43.7
338","51.1
206","48.4
53","34.1
168","31.8
59","33.5
306","39.3
174","67.4
187","-5.0
109"
156,"Harvard
   (A) 170 Penn",Ivy,26,16-10,"107.4
205","107.0
126",".5130
156","53.4
84","51.1
160","16.8
177","17.5
130","27.1
294","28.7
91","26.8
351","28.3
32","53.6
103","52.4
214","35.3
99","32.7
100","39.4
181","40.1
201","62.8
359","-6.0
132"
157,"Bowling Green
   (H) 176 Massachusetts",MAC,29,16-13,"106.2
234","105.7
104",".5129
157","51.8
160","51.1
160","16.9
185","18.8
68","28.5
250","27.0
37","37.0
138","38.6
273","51.9
171","51.6
176","34.3
156","33.6
151","34.4
284","42.6
284","68.3
134","-9.0
215"
158,"Eastern Washington
   (H) 291 Northern Arizona",BSky,29,12-17,"112.7
109","112.3
244",".5122
158","53.2
95","54.7
313","17.8
252","16.2
211","31.1
162","31.5
221","35.1
183","37.6
248","52.7
141","56.5
333","36.1
56","34.6
211","34.6
280","38.7
152","67.9
159","-10.6
247"
159,"Robert Morris
   (H) 312 Cleveland St.",Horz,30,20-10,"111.1
138","110.7
208",".5101
159","54.7
51","50.6
136","18.2
270","16.0
233","37.4
15","28.4
80","28.0
342","41.7
321","53.0
126","50.8
134","38.1
16","33.5
147","40.8
151","35.6
60","64.9
313","-5.9
131"
160,"Idaho
   (H) 144 Northern Colorado",BSky,29,16-13,"109.0
170","108.6
165",".5097
160","52.5
128","51.1
160","15.6
98","15.3
271","28.4
255","25.1
12","34.3
210","39.8
287","51.5
193","49.7
90","35.7
77","35.8
285","48.2
24","35.6
60","67.6
174","-8.7
210"
161,"Kennesaw St.
   (H) 257 Delaware",CUSA,28,17-11,"110.3
151","109.9
187",".5095
161","50.5
216","48.9
67","16.9
185","16.1
222","35.6
33","30.5
176","43.2
17","48.1
359","50.1
245","46.9
25","34.0
176","34.7
218","43.8
93","38.3
141","71.4
22","-6.8
155"
162,UC Davis,BW,29,17-12,"109.2
167","108.8
170",".5094
162","52.5
128","52.6
236","18.2
270","19.7
29","26.9
299","30.6
179","41.5
46","38.0
262","52.3
157","52.9
229","35.3
99","34.7
218","43.1
103","38.9
158","68.6
119","-7.2
162"
163,"Cornell
   (H) 277 Brown",Ivy,25,13-12,"118.8
55","118.4
333",".5093
163","58.0
10","55.9
342","16.3
145","15.1
281","29.9
205","30.2
162","30.7
294","37.8
252","58.8
17","55.4
313","38.1
16","37.8
350","50.7
13","38.2
140","71.7
17","-7.9
182"
164,"East Tennessee St.
   (A) 203 Mercer",SC,30,21-9,"108.9
173","108.5
163",".5088
164","55.2
39","50.3
116","15.2
71","18.7
72","28.4
255","26.9
35","35.2
179","35.2
183","56.9
40","52.0
193","34.8
129","32.3
81","37.4
226","47.6
356","66.4
242","-5.8
127"
165,Merrimack,MAAC,30,20-10,"107.8
196","107.5
143",".5065
165","49.4
270","46.7
21","14.9
53","19.6
30","24.4
345","40.3
365","40.5
52","38.1
265","50.1
245","47.4
38","32.3
262","30.2
19","46.1
42","32.3
13","63.5
348","-5.6
121"
166,"Winthrop
   (H) 281 Presbyterian",BSth,30,20-10,"111.6
127","111.5
226",".5016
166","50.6
214","51.5
190","14.9
53","17.1
155","34.8
53","28.7
91","43.1
23","38.4
271","50.2
241","53.2
245","34.1
168","33.0
124","44.6
70","43.9
316","69.5
77","-5.1
112"
167,"St. Bonaventure
   (A) 137 George Mason",A10,28,15-13,"114.7
88","114.6
285",".5015
167","53.2
95","54.1
297","16.8
177","17.4
136","34.3
63","29.4
125","28.9
332","33.4
134","51.7
183","53.6
263","37.6
25","36.6
321","31.8
330","40.8
230","67.2
196","-7.6
174"
168,"Oakland
   (H) 212 Detroit Mercy",Horz,30,16-14,"114.2
93","114.1
274",".5013
168","52.4
134","54.6
311","14.7
46","15.4
263","31.2
157","34.8
333","39.0
81","23.1
3","53.0
126","56.8
340","34.2
162","34.3
199","33.3
308","42.1
265","70.0
50","-6.5
144"
169,"Montana
   (H) 155 Portland St.",BSky,29,15-14,"107.4
207","107.4
141",".4983
169","56.3
23","51.4
184","19.8
339","15.0
292","22.0
356","29.7
140","36.5
152","32.7
118","56.7
42","51.9
188","37.1
32","33.6
151","41.7
139","37.2
107","69.1
97","-9.1
216"
170,"Penn
   (H) 156 Harvard",Ivy,25,14-11,"107.6
202","107.7
147",".4972
170","50.4
219","52.3
223","15.4
83","16.7
178","31.0
164","30.3
166","37.8
114","29.1
45","46.6
333","54.7
296","38.3
13","32.3
81","34.9
274","39.0
163","69.0
102","-6.6
150"
171,"Fordham
   (A) 51 VCU",A10,28,16-12,"103.5
272","103.7
71",".4941
171","48.8
294","49.7
92","17.4
222","17.0
161","34.9
49","26.1
21","26.1
357","29.6
50","52.4
154","48.2
48","28.5
357","34.6
211","37.7
224","41.1
241","63.9
342","-7.6
175"
172,"Georgia Tech
   (H) 71 Florida St.",ACC,28,11-17,"106.9
214","107.2
133",".4912
172","50.1
229","49.9
101","18.5
289","15.8
247","30.2
197","30.4
170","32.8
243","33.6
139","48.7
295","49.4
79","35.5
93","33.7
158","31.8
330","44.6
328","71.2
24","-8.0
186"
173,Kent St.,MAC,29,21-8,"110.2
153","110.6
199",".4912
173","52.0
148","52.5
233","18.9
307","16.3
201","35.8
28","29.5
130","44.4
13","38.1
265","51.7
183","51.9
188","34.9
122","35.6
274","44.9
65","42.1
265","70.7
30","-3.4
90"
174,"Oregon St.
   (A) 32 Santa Clara",WCC,30,16-14,"109.3
165","109.8
185",".4863
174","50.7
210","50.2
110","17.6
238","15.3
271","26.5
312","31.5
221","42.9
27","35.4
188","48.7
295","51.0
145","35.5
93","32.7
100","44.3
80","41.4
254","65.2
296","-7.2
163"
175,Appalachian St.,SB,31,19-12,"106.0
239","106.5
117",".4859
175","50.0
235","47.4
29","15.3
76","14.0
336","32.0
126","28.5
83","38.7
87","30.8
73","53.6
103","46.8
24","30.6
330","32.1
72","46.1
42","42.2
270","62.9
358","-8.3
198"
176,"Massachusetts
   (A) 157 Bowling Green",MAC,29,15-14,"110.2
152","110.8
211",".4854
176","53.3
87","52.6
236","18.1
264","17.3
143","33.1
92","26.3
24","37.2
128","46.1
353","52.6
145","54.6
294","36.4
48","33.2
135","35.8
254","42.5
281","70.4
35","-10.2
241"
177,Charleston,CAA,30,20-10,"107.0
213","107.6
144",".4840
177","50.8
201","48.8
63","16.0
127","14.4
325","30.0
200","31.0
197","41.3
49","26.6
18","53.5
109","49.6
86","30.8
323","31.9
62","37.8
223","43.7
310","67.9
158","-5.7
123"
178,"Utah Tech
   (A) 261 Southern Utah",WAC,30,18-12,"111.0
140","112.0
236",".4754
178","53.0
108","50.2
110","17.6
238","17.0
161","28.7
242","34.2
320","29.2
325","32.8
120","53.8
90","53.4
249","34.5
146","29.4
7","38.4
203","34.4
36","66.3
243","-5.8
130"
179,"Youngstown St.
   (A) 182 Green Bay",Horz,30,15-15,"107.9
192","109.0
172",".4731
179","54.6
55","51.7
202","19.4
325","17.9
107","31.4
152","30.7
188","31.9
261","36.6
221","57.7
24","51.2
158","34.3
156","35.1
242","50.0
16","34.7
43","67.2
194","-11.2
257"
180,Charlotte,Amer,28,15-13,"113.2
103","114.3
279",".4719
180","53.9
70","51.4
184","18.4
285","14.3
329","34.4
61","31.8
240","37.5
121","38.4
271","53.8
90","51.1
150","36.1
56","34.6
211","44.0
87","40.7
224","63.7
345","-7.9
183"
181,"New Orleans
   (H) 77 McNeese St.",Slnd,29,14-15,"110.4
149","111.6
227",".4692
181","50.2
225","48.7
59","20.7
353","14.7
313","35.3
42","35.1
338","46.1
3","40.0
293","50.8
220","48.9
64","32.7
245","32.3
81","34.0
295","40.2
207","69.9
59","-7.9
181"
182,"Green Bay
   (H) 179 Youngstown St.",Horz,30,16-14,"113.1
105","114.7
287",".4594
182","54.7
51","54.0
294","16.4
150","13.7
343","25.6
333","29.8
146","42.3
35","38.9
277","54.2
79","53.4
249","37.0
35","36.5
318","38.4
203","43.7
310","63.1
356","-8.8
211"
183,Tulane,Amer,28,17-11,"107.5
204","109.1
176",".4580
183","50.1
229","50.3
116","15.7
107","17.4
136","22.5
350","35.3
343","45.0
8","37.4
240","51.4
196","49.7
90","32.3
262","34.1
189","44.2
82","40.2
207","66.9
216","-6.3
142"
184,UT Arlington,WAC,28,15-13,"102.4
295","103.9
75",".4577
184","47.8
319","47.7
33","20.9
355","18.0
101","34.7
56","30.4
170","41.5
46","41.0
309","49.6
268","50.6
125","29.3
348","27.6
1","31.4
336","31.6
8","65.2
298","-7.7
179"
185,South Alabama,SB,31,21-10,"106.7
223","108.4
160",".4543
185","52.6
125","49.2
79","13.1
6","18.2
96","24.5
343","31.5
221","39.0
81","25.1
7","53.6
103","50.6
125","33.9
181","32.2
78","36.8
231","63.7
365","64.7
322","-6.5
147"
186,"Texas A&M Corpus Chris
   (H) 293 Northwestern St.",Slnd,29,15-14,"102.8
289","104.5
86",".4529
186","48.2
311","50.4
122","19.1
316","19.5
33","30.6
182","29.0
107","43.0
26","47.4
358","47.4
323","52.2
204","33.3
219","31.3
42","30.5
349","35.0
48","66.7
227","-8.3
202"
187,Marist,MAAC,28,18-10,"100.4
324","102.2
50",".4502
187","50.0
235","45.5
9","16.4
150","19.5
33","28.0
266","27.7
60","25.9
361","37.5
244","51.1
206","47.7
44","31.9
285","28.0
2","35.6
260","37.3
110","66.2
254","-7.4
168"
188,"Weber St.
   (A) 252 Idaho St.",BSky,29,15-14,"111.8
123","113.8
267",".4489
188","51.7
164","54.5
306","15.7
107","16.7
178","32.3
120","27.4
47","40.1
59","36.9
230","51.3
200","57.4
345","35.0
115","33.3
141","32.7
321","39.2
171","68.5
122","-9.2
217"
189,"FIU
   (A) 240 Louisiana Tech",CUSA,28,13-15,"107.1
211","109.0
174",".4488
189","50.2
225","53.0
256","17.3
214","19.9
26","32.5
112","35.0
335","39.2
77","34.7
169","49.6
268","52.2
204","34.3
156","36.0
295","33.2
310","45.3
337","71.9
14","-9.8
230"
190,"Furman
   (A) 230 Western Carolina",SC,30,19-11,"106.0
238","107.9
152",".4487
190","54.2
63","49.1
72","18.2
270","13.6
347","31.6
143","27.7
60","31.9
261","27.7
27","59.5
10","49.7
90","32.2
268","32.3
81","47.4
30","42.2
270","66.1
257","-8.1
187"
191,"New Mexico St.
   (A) 143 Middle Tennessee",CUSA,27,13-14,"110.3
150","112.4
246",".4474
191","49.3
272","49.2
79","15.2
71","14.4
325","32.5
112","29.2
116","33.6
225","43.6
336","49.0
284","49.1
71","33.2
225","32.9
115","40.3
164","42.4
279","66.7
226","-10.1
238"
192,"Northern Kentucky
   (H) 130 Wright St.",Horz,30,18-12,"106.7
222","108.9
171",".4429
192","52.6
125","53.7
286","16.9
185","19.3
44","31.9
133","31.8
240","35.3
176","37.8
252","55.5
53","53.4
249","32.8
243","36.1
299","45.5
56","38.6
149","69.7
67","-8.2
192"
193,"Monmouth
   (H) 234 Elon",CAA,29,15-14,"105.7
242","107.9
151",".4425
193","49.2
280","50.1
109","16.9
185","19.4
38","31.5
148","32.5
278","32.9
240","32.3
111","47.6
317","49.3
76","34.8
129","34.2
192","34.2
290","38.7
152","67.2
198","-9.7
227"
194,"Missouri St.
   (A) 95 Sam Houston St.",CUSA,28,13-15,"108.3
183","110.5
198",".4415
194","49.9
242","52.3
223","17.4
222","17.7
117","32.8
100","31.4
216","44.9
9","40.9
307","50.8
220","52.1
196","32.4
260","35.1
242","41.3
145","37.0
99","65.7
272","-10.9
250"
195,"Columbia
   (H) 96 Yale",Ivy,26,16-10,"109.2
166","111.5
223",".4401
195","54.4
58","50.5
126","19.5
332","14.7
313","36.2
26","27.7
60","29.7
317","33.2
127","53.7
95","49.4
79","37.0
35","34.9
234","38.0
214","35.8
69","66.9
218","-6.1
136"
196,"Jacksonville St.
   (H) 109 Liberty",CUSA,28,14-14,"106.8
219","109.1
179",".4371
196","49.9
242","49.6
88","17.1
203","16.5
191","29.5
224","28.9
101","43.2
17","37.7
251","47.6
317","49.7
90","35.7
77","32.9
115","39.3
187","43.6
308","64.9
314","-10.3
243"
197,"Portland
   (H) 218 San Diego",WCC,30,12-18,"106.4
228","108.8
167",".4364
197","50.9
195","53.3
271","20.1
347","17.4
136","27.8
274","32.7
286","35.0
186","33.7
142","54.5
73","51.7
181","29.6
345","36.8
330","36.1
247","46.0
344","68.5
120","-10.1
237"
198,Drexel,CAA,30,16-14,"103.1
279","105.6
103",".4318
198","50.9
195","46.9
22","18.9
307","16.2
211","31.0
164","30.4
170","30.9
290","35.8
198","50.0
251","47.2
33","34.9
122","30.9
36","39.8
175","34.0
29","64.3
328","-10.4
245"
199,Siena,MAAC,30,19-11,"107.9
195","110.6
204",".4282
199","51.0
189","49.8
99","16.0
127","17.8
113","31.8
137","29.4
125","33.3
233","28.7
40","54.0
86","49.8
97","29.7
344","33.3
141","31.8
330","39.4
179","64.7
320","-7.9
184"
200,"Campbell
   (A) 201 Towson",CAA,29,13-16,"109.6
160","112.4
248",".4279
200","49.3
272","55.0
323","17.6
238","17.4
136","32.7
104","31.5
221","42.3
35","37.4
240","49.9
255","54.9
301","32.1
273","36.8
330","37.4
226","30.0
5","70.0
53","-9.6
225"
201,"Towson
   (H) 200 Campbell",CAA,29,15-14,"102.0
300","104.7
90",".4242
201","45.8
351","49.5
85","16.2
141","15.5
259","35.3
42","27.7
60","30.6
301","31.3
86","48.3
302","51.0
145","27.5
365","31.6
51","35.7
258","41.7
259","64.0
340","-8.5
206"
202,Marshall,SB,31,19-12,"113.2
102","116.3
307",".4242
202","54.9
49","50.5
126","16.5
154","16.3
201","32.0
126","33.5
311","29.1
327","41.0
309","54.7
69","50.3
115","36.7
41","33.8
166","44.3
80","39.6
183","69.4
80","-7.5
172"
203,"Mercer
   (H) 164 East Tennessee St.",SC,30,18-12,"111.3
132","114.4
282",".4223
203","53.0
108","52.9
252","15.3
76","17.0
161","32.8
100","32.0
253","38.5
92","30.0
57","53.4
114","51.6
176","34.9
122","36.4
315","39.3
187","42.2
270","69.2
91","-7.4
169"
204,"Tarleton St.
   (A) 117 Cal Baptist",WAC,29,14-15,"103.8
267","106.7
121",".4223
204","48.8
294","53.9
291","20.0
345","23.9
2","30.6
182","35.2
339","40.4
54","45.4
349","48.9
288","54.5
291","32.3
262","35.4
258","24.7
365","40.8
230","69.7
68","-9.5
221"
205,"Howard
   (A) 353 Morgan St.",MEAC,28,18-10,"103.0
283","106.0
109",".4197
205","50.1
229","48.1
48","19.9
341","21.6
8","35.7
31","32.0
253","42.1
38","39.7
285","49.5
271","48.7
61","34.1
168","31.4
47","34.0
295","34.9
47","69.2
94","-7.0
159"
206,"Queens
   (A) 151 Central Arkansas",ASun,30,18-12,"114.8
86","118.2
330",".4153
206","56.7
19","54.9
319","14.7
46","15.0
292","30.9
170","32.8
292","36.8
144","39.8
287","59.5
10","54.5
291","35.6
84","37.0
336","46.4
38","39.7
186","69.5
75","-6.5
146"
207,"Cal St. Fullerton
   (H) 111 Hawaii",BW,29,15-14,"107.9
193","111.3
220",".4121
207","51.6
170","55.3
330","15.4
83","19.1
54","25.1
340","28.8
96","38.4
97","35.8
198","51.9
171","57.3
343","34.2
162","35.3
253","41.8
137","46.1
345","73.0
6","-8.2
193"
208,La Salle,A10,28,8-20,"103.9
266","107.2
132",".4107
208","45.3
355","54.4
304","19.0
311","17.4
136","33.5
84","31.3
212","37.2
128","31.2
82","45.2
352","55.0
304","30.3
336","35.7
280","31.3
338","42.5
281","65.0
310","-12.7
281"
209,James Madison,SB,31,17-14,"109.1
169","112.7
251",".4091
209","52.8
117","49.1
72","17.2
209","13.0
356","30.6
182","29.7
140","35.4
174","40.5
299","52.1
164","49.2
75","35.8
73","32.7
100","43.6
97","39.3
174","65.4
287","-9.6
223"
210,"Buffalo
   (H) 247 Central Michigan",MAC,28,16-12,"112.2
117","116.0
302",".4049
210","55.1
42","54.8
316","16.2
141","18.1
98","27.8
274","31.1
200","41.5
46","31.8
98","53.6
103","56.9
342","38.0
19","34.7
218","45.6
53","43.1
292","66.7
224","-8.2
191"
211,Quinnipiac,MAAC,30,18-12,"103.9
265","107.5
142",".4049
211","48.6
300","49.2
79","16.0
127","17.7
117","34.1
69","32.3
268","32.7
245","30.7
71","47.3
324","47.4
38","34.1
168","35.0
237","33.7
304","35.4
56","70.0
52","-7.8
180"
212,"Detroit Mercy
   (A) 168 Oakland",Horz,28,14-14,"108.8
174","112.9
253",".3950
212","49.3
272","52.6
236","16.5
154","14.1
335","33.5
84","30.8
192","31.7
266","37.8
252","47.9
309","53.9
274","34.9
122","33.9
174","31.5
335","43.5
304","69.2
95","-9.4
218"
213,Drake,MVC,30,12-18,"110.2
155","114.4
281",".3944
213","51.7
164","52.9
252","14.8
50","14.8
308","26.4
315","29.3
122","33.9
221","33.5
137","51.4
196","50.6
125","34.7
131","37.3
342","44.5
75","43.3
302","67.3
191","-12.5
278"
214,Indiana St.,MVC,30,10-20,"106.2
231","110.3
192",".3939
214","52.3
141","50.7
142","19.2
319","14.7
313","25.9
322","31.2
206","28.3
338","27.9
28","57.2
37","52.5
218","30.9
319","31.6
51","45.0
63","34.4
36","68.4
131","-14.0
306"
215,"Ohio
   (H) 150 Toledo",MAC,28,15-13,"107.9
191","112.1
240",".3927
215","51.3
179","52.7
244","16.1
136","17.1
155","28.6
246","32.7
286","36.9
141","36.7
226","55.0
61","51.2
158","30.1
342","37.0
336","37.9
221","33.5
21","68.8
108","-8.3
197"
216,"Bethune Cookman
   (A) 253 Southern",SWAC,29,16-13,"104.0
264","108.1
156",".3905
216","51.0
189","49.6
88","19.0
311","15.9
238","29.9
205","31.2
206","39.9
63","38.9
277","51.0
213","50.4
117","33.9
181","31.9
62","30.6
348","33.5
21","69.0
101","-6.7
153"
217,"South Dakota St.
   (A) 274 South Dakota",Sum,30,14-16,"107.9
194","112.1
241",".3903
217","52.5
128","51.6
200","16.0
127","14.8
308","29.6
220","25.8
17","30.4
305","33.1
124","53.2
119","52.2
204","34.3
156","33.9
174","39.1
191","47.2
354","67.2
199","-11.2
258"
218,"San Diego
   (A) 197 Portland",WCC,30,11-19,"108.6
177","113.0
254",".3873
218","51.2
183","55.1
326","17.2
209","19.4
38","28.1
264","35.2
339","25.8
362","39.9
290","50.8
220","58.7
355","34.4
152","33.3
141","43.7
96","40.7
224","68.7
112","-12.1
270"
219,"Cal Poly
   (A) 127 UC San Diego",BW,29,13-16,"109.4
164","113.8
269",".3872
219","52.0
148","54.0
294","20.5
351","16.6
185","29.8
213","30.1
156","36.6
148","34.1
148","53.7
95","54.8
298","33.7
191","35.2
250","52.9
5","42.0
263","74.1
1","-10.3
242"
220,"San Jose St.
   (H) 91 Colorado St.",MWC,28,8-20,"111.3
134","115.8
299",".3862
220","49.2
280","56.9
356","16.0
127","17.7
117","29.6
220","36.0
350","32.2
254","35.2
183","46.1
342","59.6
363","36.0
62","35.3
253","38.7
198","39.8
188","64.8
316","-11.4
260"
221,"Stony Brook
   (A) 99 Hofstra",CAA,29,17-12,"106.1
236","110.5
196",".3854
221","50.7
210","50.2
110","17.0
196","17.1
155","28.2
261","32.3
268","29.1
327","32.4
114","49.2
279","48.6
59","35.1
110","35.2
250","45.7
50","39.5
181","65.9
266","-8.3
196"
222,"Lipscomb
   (A) 282 Eastern Kentucky",ASun,30,18-12,"106.2
235","110.6
201",".3853
222","54.3
61","53.0
256","16.2
141","17.7
117","25.9
322","29.6
135","26.5
353","29.7
53","54.5
73","54.3
286","36.1
56","34.0
182","47.1
31","39.6
183","69.9
55","-6.9
157"
223,Coastal Carolina,SB,31,19-12,"102.6
290","107.0
128",".3817
223","47.9
317","46.2
14","15.1
67","12.4
361","26.7
303","27.4
47","31.6
268","35.1
180","46.0
345","45.0
9","33.7
191","32.4
86","42.6
124","35.4
56","67.2
195","-7.9
185"
224,"Lamar
   (A) 284 Incarnate Word",Slnd,29,12-17,"105.1
253","110.0
188",".3742
224","48.2
311","50.4
122","17.7
247","17.0
161","35.5
38","29.6
135","28.7
335","43.8
341","46.8
331","49.1
71","33.9
181","35.1
242","34.0
295","37.5
119","65.1
305","-12.3
273"
225,Rice,Amer,28,11-17,"108.9
171","114.0
272",".3711
225","48.4
304","51.5
190","18.3
277","16.1
222","34.9
49","34.8
333","35.0
186","40.4
297","45.2
352","51.1
150","35.1
110","34.9
234","42.9
114","35.6
60","65.6
276","-11.8
266"
226,Denver,Sum,31,15-16,"115.8
76","121.3
353",".3700
226","53.7
76","56.0
344","14.0
25","13.0
356","29.9
205","33.0
300","33.2
234","36.8
228","52.5
147","56.7
339","37.1
32","36.6
321","38.5
200","37.0
99","68.0
146","-10.0
235"
227,"UMBC
   (A) 315 UMass Lowell",AE,27,19-8,"105.5
249","110.6
200",".3675
227","52.7
122","50.3
116","14.5
35","15.1
281","24.2
346","25.0
11","33.7
222","26.0
12","53.1
122","50.0
105","34.7
131","33.8
166","38.8
196","37.0
99","66.1
258","-5.3
116"
228,Texas St.,SB,31,19-12,"104.6
256","109.7
184",".3652
228","50.0
235","51.9
209","18.7
299","18.6
84","33.7
76","28.7
91","34.0
217","37.9
257","50.5
230","50.9
138","32.2
268","35.7
280","25.1
364","38.1
139","66.2
253","-8.8
213"
229,"Tennessee Martin
   (H) 259 Tennessee St.",OVC,30,21-9,"100.5
323","105.6
102",".3605
229","49.3
272","45.5
9","21.2
357","19.9
26","37.8
12","31.8
240","39.0
81","37.8
252","52.0
166","46.4
19","30.9
319","29.4
7","46.9
32","40.1
201","64.6
325","-6.3
141"
230,"Western Carolina
   (H) 190 Furman",SC,28,13-15,"110.0
156","115.6
298",".3592
230","50.6
214","55.0
323","16.8
177","14.7
313","34.2
66","26.8
33","30.7
294","38.6
273","50.6
227","54.9
301","33.7
191","36.7
325","40.7
154","44.5
327","68.2
138","-9.9
234"
231,Eastern Michigan,MAC,29,10-19,"102.5
292","107.8
150",".3586
231","49.7
251","50.4
122","17.5
230","15.8
247","28.2
261","29.3
122","29.3
323","35.1
180","49.7
263","51.2
158","33.2
225","32.5
93","32.3
328","35.6
60","66.3
246","-13.0
288"
232,Southern Miss,SB,31,16-15,"103.1
282","108.4
161",".3581
232","49.0
286","51.5
190","19.0
311","17.9
107","32.0
126","28.3
76","42.4
34","42.8
328","51.3
200","50.4
117","29.1
351","35.5
264","29.8
353","41.1
241","68.7
111","-10.4
244"
233,"LIU
   (H) 336 Fairleigh Dickinson",NEC,30,20-10,"103.6
269","109.2
181",".3535
233","52.9
114","50.0
105","19.7
336","18.9
62","35.0
45","32.8
292","33.4
230","34.4
156","52.7
141","50.9
138","35.5
93","32.1
72","29.0
355","33.3
18","68.3
133","-5.8
126"
234,"Elon
   (A) 193 Monmouth",CAA,29,14-15,"111.6
129","117.7
320",".3512
234","53.2
95","53.9
291","15.2
71","16.1
222","32.5
112","33.6
312","33.5
228","35.0
176","53.5
109","53.5
255","35.2
104","36.3
310","42.9
114","44.3
324","67.0
208","-10.7
248"
235,Old Dominion,SB,31,11-20,"106.1
237","111.9
235",".3505
235","50.1
229","50.6
136","15.6
98","14.6
321","25.9
322","30.7
188","34.3
210","40.9
307","49.2
279","52.3
211","34.5
146","31.6
51","36.0
250","35.8
69","69.1
96","-14.4
315"
236,Saint Peter's,MAAC,27,16-11,"104.1
263","109.8
186",".3495
236","46.2
346","48.5
55","17.2
209","20.1
21","37.1
17","33.9
317","35.8
166","48.2
360","46.2
341","48.4
53","30.9
319","32.4
86","39.0
193","36.0
74","65.6
281","-7.7
178"
237,"Nebraska Omaha
   (A) 110 St. Thomas",Sum,30,15-15,"108.2
184","114.2
276",".3493
237","53.4
84","53.4
274","16.5
154","14.3
329","26.7
303","28.6
89","35.0
186","33.9
146","53.4
114","56.5
333","35.7
77","33.1
132","40.4
163","45.3
337","67.6
178","-11.0
252"
238,"Radford
   (A) 271 Longwood",BSth,30,16-14,"107.1
212","113.0
256",".3484
238","51.6
170","52.8
249","17.2
209","18.4
88","29.7
217","31.9
247","42.3
35","39.9
290","52.2
162","53.1
239","34.0
176","35.0
237","45.6
53","38.3
141","70.6
32","-9.8
232"
239,"Dartmouth
   (A) 258 Princeton",Ivy,25,11-14,"105.6
247","111.5
225",".3477
239","52.4
134","51.2
171","18.0
260","13.7
343","23.8
347","30.3
166","36.7
146","30.5
70","49.5
271","52.6
222","36.9
37","32.7
100","48.6
21","38.5
147","69.5
72","-9.8
231"
240,"Louisiana Tech
   (H) 189 FIU",CUSA,28,16-12,"100.3
328","106.0
110",".3459
240","46.4
341","48.6
56","18.8
305","17.7
117","35.4
41","31.5
221","34.8
193","35.8
198","48.8
289","46.9
25","27.7
363","33.6
151","33.1
312","45.8
343","64.2
333","-8.2
190"
241,"American
   (H) 254 Boston University",Pat,30,16-14,"106.2
233","112.3
245",".3458
241","51.6
170","53.6
283","15.9
122","19.0
58","26.5
312","29.8
146","29.1
327","43.7
338","53.0
126","54.4
289","33.4
215","34.8
228","46.6
36","36.8
92","66.8
220","-9.9
233"
242,"Samford
   (H) 292 UNC Greensboro",SC,30,17-13,"108.1
185","114.5
283",".3423
242","52.4
134","51.8
203","13.1
6","13.2
353","25.4
336","25.9
18","43.2
17","32.8
120","52.9
130","51.1
150","34.5
146","35.3
253","45.0
63","36.2
81","67.0
210","-8.8
212"
243,Fairfield,MAAC,30,19-11,"108.3
181","114.8
288",".3396
243","49.8
246","51.1
160","15.3
76","16.2
211","35.8
28","28.9
101","27.9
344","30.4
66","49.5
271","51.2
158","33.5
209","34.0
182","35.4
262","36.1
79","67.2
193","-8.1
189"
244,Iona,MAAC,30,17-13,"104.2
261","110.6
202",".3363
244","51.9
154","48.9
67","16.9
185","16.8
173","27.3
289","31.7
234","29.0
331","28.3
32","50.7
225","51.0
145","35.6
84","30.5
27","45.7
50","40.0
195","69.1
99","-9.5
222"
245,"Nicholls St.
   (H) 298 Southeastern Louisiana",Slnd,29,12-17,"106.4
229","113.0
255",".3318
245","51.2
183","54.9
319","17.0
196","20.6
20","26.6
308","34.5
324","34.5
203","38.8
275","51.2
204","56.4
330","34.1
168","35.0
237","44.0
87","37.8
128","68.6
117","-11.2
256"
246,"Colgate
   (A) 139 Navy",Pat,30,17-13,"107.3
209","114.1
275",".3305
246","53.1
102","51.6
200","14.6
42","15.5
259","26.6
308","29.5
130","29.8
312","33.2
127","52.8
133","51.7
181","35.8
73","34.3
199","34.4
284","41.8
262","67.0
212","-8.4
203"
247,"Central Michigan
   (A) 210 Buffalo",MAC,28,9-19,"106.8
216","113.7
266",".3288
247","51.5
174","53.4
274","17.8
252","17.1
155","29.0
232","34.6
325","32.5
249","41.0
309","52.3
157","53.4
249","33.3
219","35.5
264","34.1
293","37.7
126","67.1
201","-13.9
305"
248,"Abilene Christian
   (A) 81 Utah Valley",WAC,28,13-15,"101.1
312","107.7
146",".3281
248","47.7
322","56.7
352","20.7
353","23.8
3","32.4
117","29.4
125","38.7
87","52.5
364","47.8
315","55.1
307","31.6
300","40.1
364","32.7
321","30.7
6","66.8
221","-9.8
229"
249,"Florida Gulf Coast
   (A) 321 Stetson",ASun,30,14-16,"106.7
220","113.6
265",".3270
249","52.4
134","53.5
278","16.1
136","16.2
211","31.3
155","29.2
116","30.4
305","40.0
293","52.8
133","53.5
255","34.6
140","35.6
274","38.5
200","46.5
348","68.0
145","-11.6
262"
250,"Wofford
   (H) 351 The Citadel",SC,30,19-11,"109.7
159","116.8
314",".3267
250","52.2
145","53.7
286","13.6
13","15.0
292","29.9
205","29.1
112","37.2
128","35.8
198","52.4
154","53.1
239","34.7
131","36.3
310","42.9
114","37.4
115","67.9
151","-7.5
173"
251,"Southeast Missouri St.
   (H) 328 Tennessee Tech",OVC,30,18-12,"101.6
305","108.2
158",".3251
251","50.1
229","49.6
88","17.4
222","18.4
88","29.9
205","27.5
51","39.3
75","47.0
356","52.0
166","49.0
69","31.1
314","33.8
166","36.3
243","34.1
30","69.3
89","-8.3
201"
252,"Idaho St.
   (H) 188 Weber St.",BSky,29,12-17,"110.4
148","117.8
327",".3229
252","52.7
122","54.5
306","17.3
214","15.3
271","32.6
108","29.1
112","37.9
109","36.3
211","53.8
90","56.0
319","34.2
162","34.7
218","42.7
122","37.5
119","64.8
317","-11.5
261"
253,"Southern
   (H) 216 Bethune Cookman",SWAC,28,13-15,"105.6
246","112.7
252",".3223
253","48.7
299","53.7
286","16.8
177","18.9
62","30.9
170","31.9
247","40.4
54","44.1
342","47.9
309","52.5
218","33.6
201","37.0
336","32.8
317","39.2
171","70.2
45","-9.4
219"
254,"Boston University
   (A) 241 American",Pat,30,14-16,"112.1
118","119.9
346",".3172
254","57.3
15","54.3
299","17.4
222","13.3
351","28.3
259","26.7
31","32.1
257","30.4
66","56.3
45","53.0
234","39.0
9","37.5
346","44.2
82","41.3
249","63.3
350","-13.1
292"
255,"UNC Asheville
   (H) 264 Charleston Southern",BSth,29,14-15,"103.5
271","110.7
207",".3168
255","51.0
189","50.8
148","17.6
238","15.4
263","30.3
190","31.3
212","37.9
109","37.6
248","49.7
263","52.3
211","35.6
84","32.2
78","33.1
312","38.0
135","64.7
321","-11.0
253"
256,"Long Beach St.
   (A) 325 Cal St. Bakersfield",BW,29,8-21,"104.3
260","111.8
232",".3103
256","49.8
246","54.2
298","17.7
247","17.9
107","26.6
308","29.0
107","29.9
311","40.7
305","51.1
206","54.8
298","31.6
300","35.5
264","35.1
270","35.4
56","68.1
140","-15.1
323"
257,"Delaware
   (A) 161 Kennesaw St.",CUSA,28,9-19,"106.5
226","114.2
277",".3095
257","53.6
78","50.7
142","18.1
264","13.9
338","21.2
362","30.6
179","30.5
303","30.1
59","52.5
147","50.1
109","36.6
45","34.3
199","45.6
53","43.8
313","62.8
361","-14.4
316"
258,"Princeton
   (H) 239 Dartmouth",Ivy,27,8-19,"105.7
243","113.4
261",".3083
258","49.3
272","52.5
233","16.9
185","14.5
322","27.7
277","28.7
91","34.6
200","33.2
127","48.5
298","56.1
322","33.5
209","31.6
51","44.4
79","41.1
241","63.7
344","-14.4
314"
259,"Tennessee St.
   (A) 229 Tennessee Martin",OVC,29,20-9,"108.1
187","116.0
303",".3078
259","49.5
265","52.3
223","16.2
141","19.9
26","34.5
59","30.6
179","35.4
174","43.4
335","50.1
245","52.6
222","32.0
278","34.5
204","30.1
352","35.2
53","70.4
36","-5.8
128"
260,Georgia Southern,SB,31,16-15,"107.7
197","115.6
297",".3072
260","50.0
235","52.1
217","14.5
35","18.7
72","28.6
246","34.7
329","39.8
65","41.6
318","51.9
171","53.0
234","32.0
278","33.7
158","47.7
27","38.6
149","70.9
27","-11.7
264"
261,"Southern Utah
   (H) 178 Utah Tech",WAC,28,9-19,"105.9
240","114.0
271",".3015
261","50.3
222","53.6
283","20.9
355","14.9
306","28.7
242","33.8
315","32.5
249","29.1
45","50.0
251","52.0
193","34.0
176","38.4
359","34.9
274","29.8
4","70.5
34","-13.1
290"
262,"Purdue Fort Wayne
   (A) 280 IU Indy",Horz,30,16-14,"105.5
248","113.5
263",".3015
262","52.8
117","56.1
345","14.7
46","19.3
44","22.2
351","35.0
335","30.7
294","28.7
40","53.6
103","55.3
310","34.6
140","38.1
354","45.8
48","44.1
319","68.1
142","-8.5
208"
263,Vermont,AE,30,19-11,"105.7
244","113.8
268",".2993
263","53.2
95","50.7
142","14.4
31","14.3
329","26.2
319","22.9
2","30.7
294","37.1
233","55.5
53","49.0
69","33.6
201","35.4
258","44.6
70","40.9
232","65.0
309","-8.7
209"
264,"Charleston Southern
   (A) 255 UNC Asheville",BSth,30,14-16,"104.3
258","112.4
247",".2976
264","53.6
78","47.1
24","18.9
307","12.9
358","30.2
197","30.4
170","29.8
312","42.9
330","54.7
69","46.3
18","35.0
115","32.5
93","50.0
16","31.2
7","71.5
20","-12.5
279"
265,Milwaukee,Horz,31,12-19,"106.8
217","115.2
293",".2950
265","50.2
225","55.4
333","15.4
83","15.9
238","33.3
90","29.4
125","32.1
257","35.8
198","51.0
213","55.8
316","32.6
247","36.5
318","38.2
210","40.4
214","67.7
172","-12.8
284"
266,"SIU Edwardsville
   (H) 327 Eastern Illinois",OVC,30,18-12,"98.2
340","105.9
108",".2945
266","49.0
286","45.4
8","17.9
257","17.1
155","29.8
213","32.0
253","31.4
276","34.5
160","47.8
315","45.1
11","34.2
162","30.6
29","35.3
265","39.0
163","64.6
324","-9.7
228"
267,"Sacramento St.
   (A) 135 Montana St.",BSky,28,9-19,"107.7
198","116.3
308",".2931
267","47.5
326","55.8
340","14.5
35","17.0
161","26.5
312","33.3
309","41.9
40","37.1
233","47.3
324","56.8
340","31.9
285","36.3
310","35.9
253","42.8
290","72.1
13","-13.4
298"
268,"UTEP
   (A) 152 Western Kentucky",CUSA,28,10-18,"102.5
293","110.8
210",".2907
268","48.5
301","51.8
203","17.4
222","18.1
98","27.1
294","33.3
309","31.3
277","41.0
309","46.5
337","52.1
196","34.2
162","34.2
192","40.1
166","37.8
128","64.7
319","-13.1
291"
269,"UC Riverside
   (H) 141 Cal St. Northridge",BW,30,9-21,"102.3
296","110.5
197",".2907
269","49.0
286","52.6
236","19.7
336","15.6
254","27.6
281","29.9
149","35.2
179","40.5
299","50.0
251","53.5
255","31.6
300","33.8
166","38.0
214","32.5
15","68.3
135","-14.8
321"
270,"Pepperdine
   (H) 116 Washington St.",WCC,30,8-22,"105.4
250","114.0
273",".2893
270","47.8
319","54.5
306","18.5
289","16.4
199","27.9
271","33.8
315","34.1
214","28.5
37","48.0
307","55.3
310","31.7
295","35.6
274","39.7
177","40.5
217","68.1
143","-14.4
313"
271,"Longwood
   (H) 238 Radford",BSth,30,15-15,"102.9
286","111.6
228",".2817
271","49.8
246","53.8
290","19.2
319","20.0
23","34.0
71","28.4
80","40.0
61","41.2
315","51.2
204","56.0
319","31.4
307","33.9
174","34.6
280","42.2
270","68.4
129","-11.8
268"
272,East Carolina,Amer,28,10-18,"102.6
291","111.4
221",".2795
272","46.0
349","52.0
213","16.7
171","16.7
178","32.7
104","32.9
296","39.4
72","32.1
103","47.6
317","51.9
188","28.3
358","34.8
228","30.9
342","40.0
195","68.6
118","-12.6
280"
273,"North Dakota
   (A) 125 North Dakota St.",Sum,31,16-15,"108.3
182","117.7
322",".2774
273","49.6
260","56.7
352","14.2
28","19.6
30","28.5
250","32.7
286","37.5
121","44.1
342","49.7
263","57.6
346","33.0
232","37.1
340","39.9
172","42.6
284","67.4
188","-10.2
240"
274,"South Dakota
   (H) 217 South Dakota St.",Sum,30,15-15,"104.9
255","114.4
280",".2712
274","50.4
219","54.9
319","17.0
196","16.1
222","29.0
232","30.3
166","45.1
7","31.3
86","51.3
200","56.2
323","32.6
247","34.6
211","35.8
254","29.7
3","70.2
43","-10.8
249"
275,Western Michigan,MAC,29,10-19,"108.0
188","117.8
325",".2708
275","50.0
235","54.3
299","17.0
196","13.3
351","30.7
180","29.0
107","32.2
254","37.9
257","48.4
299","54.8
298","35.3
99","35.8
285","35.4
262","44.2
321","67.8
166","-13.6
300"
276,"Lindenwood
   (A) 364 Western Illinois",OVC,30,16-14,"100.8
320","110.1
190",".2664
276","48.5
301","49.7
92","19.2
319","18.5
86","32.6
108","32.1
259","37.7
115","38.0
262","50.3
239","49.8
97","29.6
345","32.9
115","31.4
336","32.9
17","72.4
8","-10.2
239"
277,"Brown
   (A) 163 Cornell",Ivy,25,9-16,"98.1
344","107.3
136",".2640
277","48.3
307","51.0
155","19.0
311","19.0
58","28.9
236","29.9
149","28.3
338","37.5
244","50.0
251","52.1
196","30.3
336","33.0
124","36.4
239","42.3
275","66.5
232","-12.8
282"
278,Morehead St.,OVC,31,19-12,"108.0
190","118.2
329",".2614
278","49.7
251","50.2
110","18.3
277","15.5
259","36.4
20","35.9
349","37.1
133","36.3
211","50.3
239","49.9
102","32.2
268","33.8
166","30.7
345","39.3
174","65.4
289","-8.2
194"
279,"Mercyhurst
   (A) 344 Stonehill",NEC,30,14-16,"102.3
297","112.0
239",".2591
279","49.9
242","50.7
142","14.6
42","19.2
49","27.3
289","31.3
212","25.2
364","42.2
325","51.1
206","51.2
158","31.6
300","33.2
135","31.7
333","33.8
26","64.3
330","-12.4
276"
280,"IU Indy
   (H) 262 Purdue Fort Wayne",Horz,30,7-23,"106.8
218","117.1
318",".2559
280","51.9
154","57.9
362","15.8
114","19.4
38","28.7
242","36.1
351","21.8
365","47.1
357","54.8
65","58.2
349","32.0
278","38.1
354","42.3
130","35.7
67","73.7
2","-18.2
355"
281,"Presbyterian
   (A) 166 Winthrop",BSth,30,14-16,"103.3
275","113.6
264",".2513
281","50.7
210","51.8
203","19.4
325","15.9
238","33.7
76","30.4
170","39.9
63","35.0
176","51.9
171","50.9
138","31.7
295","35.7
280","27.8
360","35.8
69","64.0
339","-12.1
271"
282,"Eastern Kentucky
   (H) 222 Lipscomb",ASun,30,11-19,"108.9
172","119.7
344",".2511
282","51.8
160","55.9
342","16.8
177","15.2
277","32.6
108","31.6
230","31.0
284","39.8
287","51.8
179","57.3
343","34.5
146","35.9
291","50.4
14","40.5
217","67.5
179","-14.6
318"
283,Louisiana,SB,31,10-21,"101.6
304","111.8
231",".2507
283","47.1
333","52.3
223","17.1
203","18.1
98","28.0
266","32.1
259","27.5
347","45.8
351","44.8
356","51.3
165","33.7
191","36.0
295","41.4
142","36.8
92","62.8
360","-16.2
340"
284,"Incarnate Word
   (H) 224 Lamar",Slnd,29,11-18,"107.6
201","118.4
334",".2488
284","49.7
251","54.5
306","17.3
214","15.5
259","32.8
100","31.7
234","34.1
214","43.3
334","46.9
328","56.2
323","36.2
53","34.2
192","38.9
194","35.3
54","65.6
280","-13.0
286"
285,"Northeastern
   (A) 299 Hampton",CAA,27,6-21,"106.8
215","117.8
323",".2464
285","52.4
134","56.6
351","16.8
177","17.3
143","26.8
301","30.2
162","29.1
327","41.4
317","53.4
114","58.2
349","33.8
187","35.8
285","38.4
203","36.1
79","69.8
64","-16.4
341"
286,"Grambling St.
   (H) 307 Florida A&M",SWAC,28,12-16,"97.9
345","108.0
155",".2446
286","49.6
260","50.8
148","21.6
358","20.8
17","30.3
190","32.1
259","42.9
27","40.8
306","50.5
230","51.3
165","32.1
273","33.2
135","37.9
221","35.0
48","67.7
169","-12.3
274"
287,Sacred Heart,MAAC,31,13-18,"107.3
210","118.3
331",".2440
287","51.9
154","53.6
283","17.7
247","14.7
313","28.9
236","30.6
179","31.1
280","27.6
25","49.9
255","54.4
289","36.0
62","35.1
242","50.2
15","43.3
302","68.6
116","-14.3
311"
288,Mount St. Mary's,MAAC,30,14-16,"99.6
336","110.0
189",".2421
288","50.8
201","48.0
43","22.5
363","15.2
277","32.0
126","28.9
101","34.1
214","37.4
240","52.3
157","47.1
28","32.6
247","32.7
100","43.1
103","45.2
335","68.1
144","-11.8
265"
289,"Arkansas Pine Bluff
   (H) 365 Mississippi Valley St.",SWAC,28,12-16,"105.4
251","116.5
312",".2403
289","49.7
251","53.2
266","19.1
316","16.0
233","27.7
277","34.6
325","38.1
102","44.5
345","49.0
284","55.3
310","33.9
181","33.0
124","38.0
214","37.9
131","69.4
79","-10.0
236"
290,"North Carolina A&T
   (H) 138 William & Mary",CAA,27,11-16,"105.4
252","116.6
313",".2383
290","50.2
225","52.2
221","18.2
270","14.2
334","31.4
152","28.5
83","42.7
30","37.2
235","51.7
183","50.5
120","31.5
306","36.7
325","33.5
306","37.7
126","68.5
123","-12.4
277"
291,"Northern Arizona
   (A) 158 Eastern Washington",BSky,29,10-19,"107.4
208","119.0
339",".2342
291","51.7
164","56.4
348","15.7
107","16.7
178","23.6
348","32.7
286","33.0
237","33.1
124","50.4
235","55.7
315","36.0
62","38.3
358","36.3
243","40.0
195","63.8
343","-14.3
310"
292,"UNC Greensboro
   (A) 242 Samford",SC,30,13-17,"108.6
178","120.4
349",".2339
292","51.8
160","56.2
347","15.1
67","13.6
347","27.9
271","29.6
135","42.7
30","30.8
73","50.7
225","56.4
330","35.5
93","37.4
344","40.5
157","46.5
348","67.7
170","-13.3
296"
293,"Northwestern St.
   (A) 186 Texas A&M Corpus Chris",Slnd,29,10-19,"102.0
299","113.2
258",".2325
293","49.0
286","53.0
256","18.0
260","17.1
155","25.7
330","33.1
301","40.0
61","37.8
252","48.8
289","52.9
229","33.0
232","35.4
258","34.2
290","38.0
135","65.2
299","-13.8
304"
294,"Lehigh
   (H) 334 Bucknell",Pat,30,14-16,"102.2
298","113.4
260",".2323
294","52.5
128","51.1
160","17.6
238","16.6
185","22.1
354","32.8
292","31.5
272","33.3
131","52.3
157","51.1
150","35.2
104","34.0
182","38.9
194","32.1
10","66.9
217","-12.2
272"
295,"Le Moyne
   (A) 331 New Haven",NEC,30,15-15,"101.4
308","112.6
250",".2311
295","53.4
84","49.2
79","19.4
325","15.1
281","25.4
336","29.9
149","40.1
59","32.2
107","54.0
86","46.0
15","35.1
110","36.1
299","40.8
151","38.8
157","69.4
81","-11.8
267"
296,"East Texas A&M
   (A) 121 UT Rio Grande Valley",Slnd,30,11-19,"99.8
333","111.1
219",".2266
296","49.2
280","52.8
249","19.6
333","16.9
170","25.7
330","32.5
278","31.6
268","34.6
165","51.1
206","50.7
130","31.4
307","37.4
344","46.1
42","37.9
131","68.7
110","-13.4
297"
297,"USC Upstate
   (H) 361 Gardner Webb",BSth,30,12-18,"100.1
329","111.5
224",".2248
297","48.1
314","51.2
171","18.1
264","16.2
211","29.2
229","31.8
240","33.7
222","36.8
228","48.4
299","49.8
97","31.7
295","35.8
285","35.3
265","36.2
81","67.9
150","-13.2
294"
298,"Southeastern Louisiana
   (A) 245 Nicholls St.",Slnd,29,8-21,"99.3
337","110.6
206",".2246
298","46.5
340","52.6
236","18.6
295","19.2
49","29.0
232","31.2
206","41.2
50","41.6
318","49.3
278","51.1
150","28.2
360","36.6
321","39.4
181","38.0
135","65.2
297","-15.8
334"
299,"Hampton
   (H) 285 Northeastern",CAA,29,12-17,"100.5
322","112.0
237",".2242
299","45.5
354","52.1
217","17.8
252","17.5
130","33.4
87","30.0
152","39.1
80","45.8
351","46.3
339","54.0
277","29.4
347","32.2
78","36.7
234","34.3
35","65.2
295","-13.0
287"
300,"Central Connecticut
   (H) 350 Saint Francis",NEC,28,17-11,"106.2
231","118.4
332",".2241
300","51.9
154","50.3
116","16.3
145","13.9
338","27.4
286","30.6
179","31.9
261","26.9
19","50.8
220","50.2
110","35.9
68","33.7
158","35.4
262","39.8
188","65.1
301","-8.5
205"
301,"Chattanooga
   (H) 360 VMI",SC,30,12-18,"104.3
259","116.3
306",".2235
301","53.5
81","51.1
160","14.9
53","13.7
343","21.4
360","32.0
253","31.0
284","43.7
338","55.3
57","51.7
181","34.5
146","33.5
147","49.7
18","43.2
295","67.2
197","-14.4
312"
302,"Jacksonville
   (A) 317 North Florida",ASun,30,11-19,"102.9
284","114.7
286",".2233
302","49.6
260","55.1
326","17.5
230","15.1
281","30.7
180","29.8
146","33.7
222","43.0
332","51.6
191","55.2
309","31.0
317","36.6
321","38.0
214","34.8
45","63.3
351","-14.1
308"
303,"NJIT
   (A) 358 Bryant",AE,29,15-14,"100.8
318","112.5
249",".2213
303","47.6
323","49.7
92","16.6
159","15.7
252","26.1
321","32.3
268","34.2
212","38.8
275","47.9
309","50.9
138","31.3
310","31.9
62","40.5
157","40.4
214","68.1
139","-9.6
226"
304,Georgia St.,SB,31,10-21,"99.9
331","111.5
222",".2212
304","43.9
363","50.7
142","15.8
114","16.5
191","27.7
277","33.2
305","37.0
138","34.1
148","42.3
364","51.5
170","30.7
329","33.0
124","42.8
119","39.4
179","67.8
164","-16.7
345"
305,"Loyola Chicago
   (H) 154 Richmond",A10,28,6-22,"103.1
279","115.1
291",".2205
305","49.0
286","53.0
256","19.6
333","13.2
353","31.2
157","30.7
188","34.4
205","33.4
134","51.4
196","49.6
86","30.8
323","38.2
356","47.6
28","43.7
310","66.4
241","-15.4
326"
306,"Alabama A&M
   (H) 310 Alabama St.",SWAC,28,16-12,"103.1
281","115.1
290",".2204
306","48.4
304","52.0
213","17.0
196","16.9
170","27.3
289","29.5
130","44.7
12","37.3
238","47.6
317","51.2
158","33.3
219","35.5
264","33.8
301","37.8
128","65.3
291","-8.9
214"
307,"Florida A&M
   (A) 286 Grambling St.",SWAC,27,12-15,"99.2
338","110.9
214",".2171
307","49.5
265","52.1
217","21.6
358","18.7
72","29.9
205","30.6
179","38.0
103","40.6
302","49.4
277","51.4
168","33.1
229","35.6
274","38.8
196","34.6
40","67.9
153","-11.1
254"
308,"Texas Southern
   (H) 333 Jackson St.",SWAC,27,11-16,"103.7
268","115.9
300",".2166
308","50.5
216","53.3
271","18.4
285","16.5
191","27.5
283","31.5
221","38.5
92","44.6
347","50.6
227","55.0
304","33.5
209","34.0
182","33.1
312","42.5
281","68.8
109","-10.9
251"
309,"West Georgia
   (H) 341 North Alabama",ASun,29,13-16,"103.3
274","115.5
296",".2161
309","49.5
265","54.3
299","15.6
98","14.8
308","31.0
164","30.1
156","29.8
312","36.5
218","49.0
284","56.3
327","33.7
191","33.8
166","32.7
321","36.9
96","68.9
103","-11.7
263"
310,"Alabama St.
   (A) 306 Alabama A&M",SWAC,28,9-19,"99.9
332","111.8
233",".2147
310","47.1
333","52.7
244","18.7
299","19.4
38","32.2
122","32.0
253","35.5
170","42.2
325","46.0
345","53.1
239","32.6
247","34.8
228","38.0
214","41.0
237","69.3
88","-13.7
302"
311,"Bellarmine
   (H) 136 Austin Peay",ASun,29,11-18,"114.0
96","127.9
365",".2109
311","59.0
6","59.5
365","15.6
98","15.2
277","22.1
354","34.4
322","34.4
205","34.4
156","60.7
7","58.8
357","37.8
21","40.1
364","41.4
142","52.1
364","64.1
335","-13.7
301"
312,"Cleveland St.
   (A) 159 Robert Morris",Horz,30,10-20,"110.9
141","124.5
364",".2101
312","54.2
63","57.1
359","18.0
260","15.0
292","27.5
283","37.0
356","39.2
77","35.9
205","52.0
166","59.4
361","37.5
26","36.2
303","51.8
7","45.3
337","69.5
73","-15.5
328"
313,"Houston Christian
   (H) 79 Stephen F. Austin",Slnd,29,11-18,"103.2
277","115.9
301",".2085
313","49.8
246","55.1
326","19.0
311","17.5
130","30.8
177","32.1
259","35.9
164","30.8
73","50.2
241","56.2
323","32.8
243","35.6
274","36.4
239","37.9
131","63.7
346","-13.3
295"
314,"Evansville
   (H) 146 Valparaiso",MVC,29,6-23,"101.0
315","113.4
262",".2078
314","49.1
283","55.7
336","19.4
325","16.2
211","22.2
351","30.5
176","29.4
321","31.0
78","50.4
235","54.6
294","31.6
300","38.0
353","43.1
103","43.5
304","67.0
209","-16.2
337"
315,"UMass Lowell
   (H) 227 UMBC",AE,29,13-16,"103.2
278","116.4
310",".1999
315","50.7
210","53.2
266","18.6
295","14.5
322","32.3
120","29.2
116","37.1
133","28.4
35","51.1
206","54.0
277","33.1
229","34.5
204","30.7
345","35.7
67","69.5
71","-11.9
269"
316,"Ball St.
   (A) 324 Northern Illinois",MAC,28,9-19,"98.1
341","110.8
212",".1984
316","45.7
353","53.5
278","16.6
159","18.8
68","27.4
286","32.4
275","32.2
254","31.2
82","45.7
348","53.8
269","30.4
334","35.4
258","39.9
172","42.3
275","63.6
347","-14.9
322"
317,"North Florida
   (H) 302 Jacksonville",ASun,30,7-23,"108.5
180","123.3
360",".1868
317","53.5
81","56.1
345","18.3
277","12.4
361","25.7
330","37.1
358","28.1
340","31.7
95","53.4
114","58.6
353","35.8
73","34.7
218","51.9
6","39.3
174","70.3
41","-17.1
349"
318,"Oral Roberts
   (A) 354 UMKC",Sum,30,8-22,"100.8
317","114.8
289",".1828
318","48.5
301","54.7
313","18.5
289","14.8
308","28.0
266","32.4
275","35.0
186","39.1
281","50.5
230","53.0
234","30.8
323","38.4
359","45.3
57","36.0
74","67.6
176","-17.0
347"
319,"Wagner
   (H) 342 Chicago St.",NEC,28,12-16,"102.9
284","117.8
326",".1749
319","49.7
251","51.3
177","18.7
299","15.3
271","33.0
96","30.1
156","32.7
245","41.9
323","46.6
333","50.5
120","36.8
39","35.2
250","36.1
247","36.8
92","65.5
285","-12.8
283"
320,"Prairie View A&M
   (H) 339 Alcorn St.",SWAC,29,12-17,"101.8
301","116.5
311",".1748
320","47.3
329","53.1
262","16.4
150","19.6
30","26.9
299","36.2
352","44.8
11","45.5
350","46.9
328","52.4
214","32.1
273","36.3
310","30.9
342","34.2
34","72.2
11","-12.9
285"
321,"Stetson
   (H) 249 Florida Gulf Coast",ASun,30,10-20,"104.4
257","119.5
342",".1744
321","52.4
134","55.7
336","18.3
277","15.1
281","26.7
303","32.7
286","33.4
230","30.3
63","51.9
171","58.2
349","35.3
99","34.7
218","44.5
75","41.1
241","67.1
204","-15.2
325"
322,"Albany
   (H) 345 New Hampshire",AE,29,10-19,"103.3
273","118.4
335",".1719
322","50.9
195","53.7
286","18.6
295","15.8
247","32.1
124","32.3
268","26.5
353","35.1
180","52.5
147","53.3
246","32.1
273","36.2
303","37.4
226","40.1
201","65.3
293","-15.5
331"
323,"Lafayette
   (H) 343 Army",Pat,30,10-20,"100.4
326","115.2
292",".1709
323","48.8
294","53.5
278","15.5
92","15.1
281","26.3
318","29.0
107","31.7
266","31.0
78","49.7
263","53.1
239","31.7
295","36.1
299","40.0
169","37.6
123","66.6
230","-16.2
338"
324,"Northern Illinois
   (H) 316 Ball St.",MAC,27,9-18,"97.1
348","111.8
230",".1647
324","48.4
304","54.4
304","22.1
361","16.6
185","32.0
126","30.0
152","37.5
121","39.1
281","48.8
289","56.6
336","31.9
285","33.7
158","45.1
62","36.4
86","67.4
186","-13.2
293"
325,"Cal St. Bakersfield
   (H) 256 Long Beach St.",BW,29,8-21,"101.4
309","117.1
317",".1612
325","45.1
359","53.5
278","19.2
319","17.9
107","31.0
164","35.5
344","41.8
43","44.2
344","45.9
347","53.1
239","28.7
355","36.1
299","28.8
357","39.1
169","69.8
65","-15.5
327"
326,"Norfolk St.
   (A) 363 Coppin St.",MEAC,28,14-14,"100.8
319","116.4
309",".1609
326","49.7
251","51.1
160","19.4
325","19.3
44","31.8
137","32.6
283","44.4
13","44.5
345","48.0
307","54.7
296","35.6
84","30.8
34","31.0
341","41.5
255","67.9
154","-10.6
246"
327,"Eastern Illinois
   (A) 266 SIU Edwardsville",OVC,30,12-18,"96.0
356","110.8
213",".1607
327","45.3
355","50.6
136","18.6
295","19.5
33","28.5
250","35.2
339","34.0
217","36.6
221","44.2
358","53.5
255","32.0
278","30.9
36","29.7
354","40.3
211","65.9
267","-13.5
299"
328,"Tennessee Tech
   (A) 251 Southeast Missouri St.",OVC,30,13-17,"101.1
313","116.9
315",".1587
328","48.9
292","51.2
171","19.4
325","15.4
263","31.8
137","31.0
197","34.7
195","30.9
76","50.1
245","49.9
102","31.3
310","35.7
280","36.6
237","36.3
84","67.0
205","-13.8
303"
329,"Little Rock
   (H) 338 Southern Indiana",OVC,30,11-19,"101.6
303","117.6
319",".1580
329","49.3
272","53.1
262","18.5
289","19.2
49","31.5
148","36.6
354","27.7
346","31.5
91","47.9
309","53.3
246","34.9
122","35.3
253","31.1
339","41.5
255","66.3
249","-15.5
329"
330,"Holy Cross
   (H) 332 Loyola MD",Pat,30,10-20,"101.5
306","117.8
324",".1536
330","50.1
229","54.9
319","15.4
83","14.3
329","21.6
359","27.5
51","30.9
290","28.0
29","50.5
230","58.0
347","33.0
232","33.4
145","37.7
224","39.5
181","65.5
286","-16.2
339"
331,"New Haven
   (H) 295 Le Moyne",NEC,30,13-17,"96.7
350","112.2
243",".1533
331","48.8
294","52.2
221","17.8
252","17.2
152","22.0
356","27.5
51","30.8
292","27.5
23","51.0
213","52.2
204","30.3
336","34.9
234","39.7
177","38.3
141","63.3
352","-13.0
289"
332,"Loyola MD
   (A) 330 Holy Cross",Pat,30,11-19,"102.8
288","119.8
345",".1478
332","50.3
222","54.6
311","16.0
127","15.3
271","27.5
283","28.9
101","30.4
305","32.1
103","51.7
183","58.3
352","32.5
252","32.8
109","47.6
28","40.0
195","68.4
130","-16.0
335"
333,"Jackson St.
   (A) 308 Texas Southern",SWAC,28,9-19,"101.7
302","118.5
336",".1465
333","46.4
341","53.1
262","19.7
336","15.4
263","28.0
266","37.5
361","34.9
192","41.8
322","45.5
349","54.3
286","31.8
292","34.2
192","43.0
111","40.5
217","69.9
57","-12.3
275"
334,"Bucknell
   (A) 294 Lehigh",Pat,30,9-21,"98.1
342","114.5
284",".1451
334","47.9
317","54.8
316","19.1
316","17.7
117","26.4
315","31.1
200","31.0
284","35.7
194","49.8
262","53.5
255","30.3
336","37.6
349","43.0
111","45.1
334","67.1
200","-16.6
344"
335,Manhattan,MAAC,30,12-18,"105.7
245","123.4
361",".1433
335","48.3
307","54.3
299","15.3
76","16.2
211","28.9
236","37.1
358","34.6
200","25.3
9","48.1
304","53.8
269","32.4
260","36.8
330","37.2
230","37.5
119","67.9
157","-14.2
309"
336,"Fairleigh Dickinson
   (A) 233 LIU",NEC,30,11-19,"101.4
310","118.5
337",".1421
336","47.1
333","54.8
316","17.6
238","16.1
222","31.9
133","27.9
67","33.0
237","36.6
221","48.3
302","53.8
269","30.5
333","37.5
346","45.3
57","40.7
224","64.1
336","-14.8
320"
337,Niagara,MAAC,29,8-21,"99.7
335","116.9
316",".1373
337","50.3
222","52.7
244","18.7
299","16.5
191","24.5
343","32.9
296","26.1
357","34.1
148","50.4
235","52.7
226","33.5
209","35.1
242","40.5
157","40.1
201","62.1
365","-17.4
351"
338,"Southern Indiana
   (A) 329 Little Rock",OVC,29,7-22,"96.2
354","113.3
259",".1328
338","44.1
362","48.7
59","17.5
230","16.6
185","30.9
170","34.0
318","37.2
128","36.6
221","43.2
362","48.5
58","30.2
341","32.9
115","40.2
165","26.7
1","67.7
171","-19.4
358"
339,"Alcorn St.
   (A) 320 Prairie View A&M",SWAC,27,7-20,"100.4
325","118.2
328",".1326
339","48.8
294","56.7
352","19.8
339","18.7
72","28.2
261","37.0
356","29.5
319","40.6
302","47.2
327","59.3
360","34.6
140","34.7
218","34.5
282","36.0
74","68.1
141","-14.0
307"
340,UTSA,Amer,28,5-23,"100.8
321","118.9
338",".1302
340","45.2
357","53.9
291","18.2
270","15.0
292","30.0
200","38.3
364","28.7
335","34.5
160","46.1
342","54.0
277","29.3
348","35.8
285","41.9
134","42.7
289","68.4
128","-17.0
348"
341,"North Alabama
   (A) 309 West Georgia",ASun,28,9-19,"100.9
316","119.1
340",".1295
341","48.3
307","55.4
333","17.4
222","14.4
325","31.7
140","32.0
253","38.0
103","31.6
93","49.2
279","56.3
327","31.1
314","36.2
303","33.9
298","44.3
324","64.9
311","-15.2
324"
342,"Chicago St.
   (A) 319 Wagner",NEC,30,7-23,"99.7
334","117.7
321",".1288
342","45.2
357","56.5
349","15.8
114","20.0
23","28.3
259","34.7
329","29.6
318","37.9
257","43.7
360","60.9
365","32.3
262","35.0
237","31.1
339","52.0
363","65.6
274","-17.2
350"
343,"Army
   (A) 323 Lafayette",Pat,30,11-19,"101.4
307","119.9
347",".1279
343","49.6
260","55.3
330","17.0
196","15.4
263","29.6
220","27.8
64","27.4
349","39.3
284","49.9
255","56.0
319","32.9
240","36.2
303","53.1
4","42.0
263","67.0
211","-15.5
330"
344,"Stonehill
   (H) 279 Mercyhurst",NEC,30,11-19,"92.3
362","109.1
178",".1271
344","47.1
333","48.6
56","20.0
345","13.5
349","28.4
255","27.2
43","26.3
355","30.3
63","46.6
333","47.6
42","31.9
285","33.8
166","40.1
166","32.4
14","66.1
256","-15.6
333"
345,"New Hampshire
   (A) 322 Albany",AE,27,8-19,"96.3
353","113.9
270",".1265
345","46.2
346","52.6
236","16.9
185","15.8
247","25.8
327","27.1
39","28.0
342","37.3
238","46.3
339","54.2
283","30.6
330","33.1
132","42.8
119","36.2
81","67.5
184","-14.6
317"
346,"Air Force
   (A) 103 Wyoming",MWC,28,3-25,"97.3
347","115.2
295",".1251
346","49.4
270","57.1
359","22.2
362","15.1
281","22.2
351","31.1
200","34.7
195","36.5
218","51.1
206","56.4
330","31.4
307","38.9
363","42.8
119","39.0
163","66.2
255","-17.6
352"
347,Canisius,MAAC,30,10-20,"95.8
357","114.2
278",".1165
347","46.4
341","52.7
244","19.9
341","16.2
211","29.6
220","29.7
140","31.6
268","34.6
165","43.8
359","54.9
301","33.7
191","33.2
135","39.4
181","44.4
326","64.1
338","-16.6
343"
348,"Maine
   (A) 359 Binghamton",AE,29,8-21,"93.5
360","112.0
238",".1114
348","49.6
260","50.5
126","19.2
319","19.5
33","20.1
364","35.2
339","37.9
109","34.5
160","51.6
191","54.1
281","30.8
323","29.6
11","37.3
229","36.9
96","64.8
315","-17.7
354"
349,Louisiana Monroe,SB,31,4-27,"101.1
314","122.0
354",".1030
349","47.8
319","57.0
357","17.2
209","15.9
238","25.3
339","35.7
346","38.0
103","27.4
21","47.5
322","59.0
359","32.2
268","36.2
303","41.7
139","42.6
284","70.4
37","-22.2
365"
350,"Saint Francis
   (A) 300 Central Connecticut",NEC,30,7-23,"101.3
311","123.1
358",".0957
350","49.0
286","59.0
364","18.4
285","18.4
88","27.4
286","33.2
305","30.8
292","38.9
277","47.3
324","60.3
364","34.6
140","38.2
356","38.1
212","41.3
249","70.1
47","-18.6
356"
351,"The Citadel
   (A) 250 Wofford",SC,30,9-21,"97.9
346","119.6
343",".0913
351","48.2
311","56.8
355","16.7
171","14.8
308","27.8
274","31.4
216","29.5
319","34.4
156","49.6
268","58.8
357","31.1
314","36.2
303","47.9
25","43.8
313","64.2
334","-17.6
353"
352,"North Carolina Central
   (A) 362 Delaware St.",MEAC,26,10-16,"100.3
327","122.5
357",".0911
352","46.9
337","55.8
340","18.4
285","18.9
62","29.3
227","38.1
363","38.7
87","38.0
262","46.5
337","56.2
323","31.8
292","36.9
333","33.3
308","42.3
275","66.2
250","-11.2
259"
353,"Morgan St.
   (H) 205 Howard",MEAC,26,12-14,"100.1
330","122.4
356",".0900
353","46.4
341","53.2
266","18.7
299","16.7
178","31.5
148","34.4
322","43.2
17","53.1
365","45.4
350","55.6
314","32.2
268","32.3
81","34.3
287","33.4
19","70.6
31","-11.2
255"
354,"UMKC
   (H) 318 Oral Roberts",Sum,29,4-25,"94.1
358","116.0
304",".0827
354","45.9
350","55.7
336","18.5
289","16.5
191","26.7
303","36.2
352","28.1
340","31.3
86","47.9
309","55.9
318","28.3
358","36.9
333","36.3
243","38.9
158","69.6
69","-19.7
359"
355,"Maryland Eastern Shore
   (H) 356 South Carolina St.",MEAC,28,8-20,"93.7
359","116.0
305",".0788
355","47.5
326","50.9
151","23.4
365","17.3
143","30.2
197","33.6
312","29.3
323","42.4
327","49.5
271","51.8
184","29.1
351","33.0
124","34.1
293","40.2
207","63.2
354","-14.7
319"
356,"South Carolina St.
   (A) 355 Maryland Eastern Shore",MEAC,27,7-20,"96.2
355","119.4
341",".0769
356","46.7
339","55.7
336","20.4
349","18.4
88","30.9
170","37.5
361","39.3
75","52.0
363","44.7
357","58.1
348","33.9
181","34.8
228","33.1
312","40.0
195","68.6
115","-15.6
332"
357,Rider,MAAC,28,4-24,"96.8
349","121.0
351",".0711
357","42.7
364","55.3
330","17.0
196","15.4
263","33.1
92","33.2
305","30.7
294","32.0
101","43.1
363","54.3
286","27.7
363","37.8
350","27.1
361","40.4
214","65.6
277","-18.9
357"
358,"Bryant
   (H) 303 NJIT",AE,28,8-20,"96.5
352","120.8
350",".0703
358","46.1
348","52.9
252","20.4
349","15.0
292","28.5
250","31.8
240","28.9
332","33.4
134","48.1
304","51.5
170","29.3
348","36.9
333","48.3
22","35.8
69","64.5
326","-16.1
336"
359,"Binghamton
   (H) 348 Maine",AE,30,7-23,"98.1
343","123.2
359",".0678
359","49.5
265","54.3
299","18.9
307","13.2
353","21.1
363","30.0
152","41.9
40","34.5
160","50.2
241","55.0
304","32.0
278","35.5
264","30.5
349","39.2
171","65.4
288","-20.5
361"
360,"VMI
   (A) 301 Chattanooga",SC,30,6-24,"98.8
339","124.1
362",".0674
360","47.3
329","57.0
357","15.7
107","16.2
211","25.5
335","37.3
360","30.6
301","36.4
217","47.6
317","58.7
355","31.3
310","36.7
325","53.4
2","47.1
353","66.9
214","-20.3
360"
361,"Gardner Webb
   (A) 297 USC Upstate",BSth,30,3-27,"96.5
351","124.2
363",".0524
361","48.1
314","57.7
361","19.9
341","15.0
292","22.8
349","36.9
355","30.7
294","36.3
211","49.0
284","59.5
362","31.3
310","36.7
325","40.0
169","41.1
241","70.0
51","-21.5
362"
362,"Delaware St.
   (H) 352 North Carolina Central",MEAC,26,6-20,"88.6
365","115.2
294",".0465
362","42.3
365","54.7
313","19.6
333","20.1
21","25.6
333","31.9
247","35.0
186","40.5
299","42.0
365","56.6
336","28.7
355","34.2
192","29.0
355","35.8
69","66.6
228","-16.9
346"
363,"Coppin St.
   (H) 326 Norfolk St.",MEAC,28,7-21,"92.0
363","120.1
348",".0445
363","45.8
351","55.6
335","22.7
364","17.6
125","29.9
205","34.7
329","38.6
91","43.6
336","45.4
350","54.1
281","31.0
317","38.4
359","35.7
258","43.5
304","68.8
106","-16.5
342"
364,"Western Illinois
   (H) 276 Lindenwood",OVC,30,5-25,"93.1
361","122.2
355",".0417
364","44.3
361","54.0
294","17.5
230","15.1
281","27.1
294","34.6
325","37.7
115","35.5
192","43.4
361","54.5
291","30.8
323","35.4
258","32.8
317","35.0
48","66.5
234","-22.1
363"
365,"Mississippi Valley St.
   (A) 289 Arkansas Pine Bluff",SWAC,29,2-27,"90.0
364","121.1
352",".0321
365","44.6
360","56.5
349","21.6
358","17.2
152","25.8
327","35.7
346","32.8
243","49.1
362","45.2
352","56.6
336","28.8
354","37.5
346","30.2
351","43.1
292","67.5
180","-22.2
364"